ISO-10303-21;
HEADER;
/* Generated by software containing ST-Developer
 * from STEP Tools, Inc. (www.steptools.com) 
 */

FILE_DESCRIPTION(
/* description */ (''),
/* implementation_level */ '2;1');

FILE_NAME(
/* name */ 'URDF_F_.step',
/* time_stamp */ '2026-07-02T13:24:07+09:00',
/* author */ (''),
/* organization */ (''),
/* preprocessor_version */ 'ST-DEVELOPER v20.1',
/* originating_system */ 'Autodesk Translation Framework v15.8.0.0',
/* authorisation */ '');

FILE_SCHEMA (('AUTOMOTIVE_DESIGN { 1 0 10303 214 3 1 1 }'));
ENDSEC;

DATA;
#10=MECHANICAL_DESIGN_GEOMETRIC_PRESENTATION_REPRESENTATION('',(#329,#330,
#331,#332,#333,#334,#335,#336,#337,#338,#339,#340,#341,#342,#343,#344,#345,
#346,#347,#348,#349,#350,#351),#4801);
#11=ITEM_DEFINED_TRANSFORMATION($,$,#2861,#3148);
#12=ITEM_DEFINED_TRANSFORMATION($,$,#2868,#3149);
#13=ITEM_DEFINED_TRANSFORMATION($,$,#2880,#3150);
#14=ITEM_DEFINED_TRANSFORMATION($,$,#2886,#3151);
#15=ITEM_DEFINED_TRANSFORMATION($,$,#2903,#3152);
#16=ITEM_DEFINED_TRANSFORMATION($,$,#2909,#3153);
#17=ITEM_DEFINED_TRANSFORMATION($,$,#2939,#3154);
#18=ITEM_DEFINED_TRANSFORMATION($,$,#2945,#3155);
#19=ITEM_DEFINED_TRANSFORMATION($,$,#2968,#3156);
#20=ITEM_DEFINED_TRANSFORMATION($,$,#2974,#3157);
#21=ITEM_DEFINED_TRANSFORMATION($,$,#2988,#3158);
#22=ITEM_DEFINED_TRANSFORMATION($,$,#2994,#3159);
#23=ITEM_DEFINED_TRANSFORMATION($,$,#3008,#3160);
#24=ITEM_DEFINED_TRANSFORMATION($,$,#3020,#3161);
#25=ITEM_DEFINED_TRANSFORMATION($,$,#3026,#3162);
#26=ITEM_DEFINED_TRANSFORMATION($,$,#3043,#3163);
#27=ITEM_DEFINED_TRANSFORMATION($,$,#3049,#3164);
#28=ITEM_DEFINED_TRANSFORMATION($,$,#3079,#3165);
#29=ITEM_DEFINED_TRANSFORMATION($,$,#3085,#3166);
#30=ITEM_DEFINED_TRANSFORMATION($,$,#3108,#3167);
#31=ITEM_DEFINED_TRANSFORMATION($,$,#3114,#3168);
#32=ITEM_DEFINED_TRANSFORMATION($,$,#3128,#3169);
#33=ITEM_DEFINED_TRANSFORMATION($,$,#3134,#3170);
#34=(
REPRESENTATION_RELATIONSHIP($,$,#4878,#4877)
REPRESENTATION_RELATIONSHIP_WITH_TRANSFORMATION(#11)
SHAPE_REPRESENTATION_RELATIONSHIP()
);
#35=(
REPRESENTATION_RELATIONSHIP($,$,#4879,#4877)
REPRESENTATION_RELATIONSHIP_WITH_TRANSFORMATION(#12)
SHAPE_REPRESENTATION_RELATIONSHIP()
);
#36=(
REPRESENTATION_RELATIONSHIP($,$,#4880,#4877)
REPRESENTATION_RELATIONSHIP_WITH_TRANSFORMATION(#13)
SHAPE_REPRESENTATION_RELATIONSHIP()
);
#37=(
REPRESENTATION_RELATIONSHIP($,$,#4881,#4877)
REPRESENTATION_RELATIONSHIP_WITH_TRANSFORMATION(#14)
SHAPE_REPRESENTATION_RELATIONSHIP()
);
#38=(
REPRESENTATION_RELATIONSHIP($,$,#4882,#4877)
REPRESENTATION_RELATIONSHIP_WITH_TRANSFORMATION(#15)
SHAPE_REPRESENTATION_RELATIONSHIP()
);
#39=(
REPRESENTATION_RELATIONSHIP($,$,#4883,#4877)
REPRESENTATION_RELATIONSHIP_WITH_TRANSFORMATION(#16)
SHAPE_REPRESENTATION_RELATIONSHIP()
);
#40=(
REPRESENTATION_RELATIONSHIP($,$,#4884,#4877)
REPRESENTATION_RELATIONSHIP_WITH_TRANSFORMATION(#17)
SHAPE_REPRESENTATION_RELATIONSHIP()
);
#41=(
REPRESENTATION_RELATIONSHIP($,$,#4885,#4877)
REPRESENTATION_RELATIONSHIP_WITH_TRANSFORMATION(#18)
SHAPE_REPRESENTATION_RELATIONSHIP()
);
#42=(
REPRESENTATION_RELATIONSHIP($,$,#4886,#4877)
REPRESENTATION_RELATIONSHIP_WITH_TRANSFORMATION(#19)
SHAPE_REPRESENTATION_RELATIONSHIP()
);
#43=(
REPRESENTATION_RELATIONSHIP($,$,#4887,#4877)
REPRESENTATION_RELATIONSHIP_WITH_TRANSFORMATION(#20)
SHAPE_REPRESENTATION_RELATIONSHIP()
);
#44=(
REPRESENTATION_RELATIONSHIP($,$,#4888,#4877)
REPRESENTATION_RELATIONSHIP_WITH_TRANSFORMATION(#21)
SHAPE_REPRESENTATION_RELATIONSHIP()
);
#45=(
REPRESENTATION_RELATIONSHIP($,$,#4889,#4877)
REPRESENTATION_RELATIONSHIP_WITH_TRANSFORMATION(#22)
SHAPE_REPRESENTATION_RELATIONSHIP()
);
#46=(
REPRESENTATION_RELATIONSHIP($,$,#4890,#4877)
REPRESENTATION_RELATIONSHIP_WITH_TRANSFORMATION(#23)
SHAPE_REPRESENTATION_RELATIONSHIP()
);
#47=(
REPRESENTATION_RELATIONSHIP($,$,#4891,#4877)
REPRESENTATION_RELATIONSHIP_WITH_TRANSFORMATION(#24)
SHAPE_REPRESENTATION_RELATIONSHIP()
);
#48=(
REPRESENTATION_RELATIONSHIP($,$,#4892,#4877)
REPRESENTATION_RELATIONSHIP_WITH_TRANSFORMATION(#25)
SHAPE_REPRESENTATION_RELATIONSHIP()
);
#49=(
REPRESENTATION_RELATIONSHIP($,$,#4893,#4877)
REPRESENTATION_RELATIONSHIP_WITH_TRANSFORMATION(#26)
SHAPE_REPRESENTATION_RELATIONSHIP()
);
#50=(
REPRESENTATION_RELATIONSHIP($,$,#4894,#4877)
REPRESENTATION_RELATIONSHIP_WITH_TRANSFORMATION(#27)
SHAPE_REPRESENTATION_RELATIONSHIP()
);
#51=(
REPRESENTATION_RELATIONSHIP($,$,#4895,#4877)
REPRESENTATION_RELATIONSHIP_WITH_TRANSFORMATION(#28)
SHAPE_REPRESENTATION_RELATIONSHIP()
);
#52=(
REPRESENTATION_RELATIONSHIP($,$,#4896,#4877)
REPRESENTATION_RELATIONSHIP_WITH_TRANSFORMATION(#29)
SHAPE_REPRESENTATION_RELATIONSHIP()
);
#53=(
REPRESENTATION_RELATIONSHIP($,$,#4897,#4877)
REPRESENTATION_RELATIONSHIP_WITH_TRANSFORMATION(#30)
SHAPE_REPRESENTATION_RELATIONSHIP()
);
#54=(
REPRESENTATION_RELATIONSHIP($,$,#4898,#4877)
REPRESENTATION_RELATIONSHIP_WITH_TRANSFORMATION(#31)
SHAPE_REPRESENTATION_RELATIONSHIP()
);
#55=(
REPRESENTATION_RELATIONSHIP($,$,#4899,#4877)
REPRESENTATION_RELATIONSHIP_WITH_TRANSFORMATION(#32)
SHAPE_REPRESENTATION_RELATIONSHIP()
);
#56=(
REPRESENTATION_RELATIONSHIP($,$,#4900,#4877)
REPRESENTATION_RELATIONSHIP_WITH_TRANSFORMATION(#33)
SHAPE_REPRESENTATION_RELATIONSHIP()
);
#57=CONTEXT_DEPENDENT_SHAPE_REPRESENTATION(#34,#4854);
#58=CONTEXT_DEPENDENT_SHAPE_REPRESENTATION(#35,#4855);
#59=CONTEXT_DEPENDENT_SHAPE_REPRESENTATION(#36,#4856);
#60=CONTEXT_DEPENDENT_SHAPE_REPRESENTATION(#37,#4857);
#61=CONTEXT_DEPENDENT_SHAPE_REPRESENTATION(#38,#4858);
#62=CONTEXT_DEPENDENT_SHAPE_REPRESENTATION(#39,#4859);
#63=CONTEXT_DEPENDENT_SHAPE_REPRESENTATION(#40,#4860);
#64=CONTEXT_DEPENDENT_SHAPE_REPRESENTATION(#41,#4861);
#65=CONTEXT_DEPENDENT_SHAPE_REPRESENTATION(#42,#4862);
#66=CONTEXT_DEPENDENT_SHAPE_REPRESENTATION(#43,#4863);
#67=CONTEXT_DEPENDENT_SHAPE_REPRESENTATION(#44,#4864);
#68=CONTEXT_DEPENDENT_SHAPE_REPRESENTATION(#45,#4865);
#69=CONTEXT_DEPENDENT_SHAPE_REPRESENTATION(#46,#4866);
#70=CONTEXT_DEPENDENT_SHAPE_REPRESENTATION(#47,#4867);
#71=CONTEXT_DEPENDENT_SHAPE_REPRESENTATION(#48,#4868);
#72=CONTEXT_DEPENDENT_SHAPE_REPRESENTATION(#49,#4869);
#73=CONTEXT_DEPENDENT_SHAPE_REPRESENTATION(#50,#4870);
#74=CONTEXT_DEPENDENT_SHAPE_REPRESENTATION(#51,#4871);
#75=CONTEXT_DEPENDENT_SHAPE_REPRESENTATION(#52,#4872);
#76=CONTEXT_DEPENDENT_SHAPE_REPRESENTATION(#53,#4873);
#77=CONTEXT_DEPENDENT_SHAPE_REPRESENTATION(#54,#4874);
#78=CONTEXT_DEPENDENT_SHAPE_REPRESENTATION(#55,#4875);
#79=CONTEXT_DEPENDENT_SHAPE_REPRESENTATION(#56,#4876);
#80=NEXT_ASSEMBLY_USAGE_OCCURRENCE('base_link:1','base_link:1',
'base_link:1',#4902,#4903,'base_link:1');
#81=NEXT_ASSEMBLY_USAGE_OCCURRENCE('thighJR_L:1','thighJR_L:1',
'thighJR_L:1',#4902,#4904,'thighJR_L:1');
#82=NEXT_ASSEMBLY_USAGE_OCCURRENCE('AK45-36_trL:1','AK45-36_trL:1',
'AK45-36_trL:1',#4902,#4905,'AK45-36_trL:1');
#83=NEXT_ASSEMBLY_USAGE_OCCURRENCE('thighJ_L:1','thighJ_L:1',
'thighJ_L:1',#4902,#4906,'thighJ_L:1');
#84=NEXT_ASSEMBLY_USAGE_OCCURRENCE('AK45-36_tpL:1','AK45-36_tpL:1',
'AK45-36_tpL:1',#4902,#4907,'AK45-36_tpL:1');
#85=NEXT_ASSEMBLY_USAGE_OCCURRENCE('thigh_L:1','thigh_L:1','thigh_L:1',
#4902,#4908,'thigh_L:1');
#86=NEXT_ASSEMBLY_USAGE_OCCURRENCE('AK45-36_kpL:1','AK45-36_kpL:1',
'AK45-36_kpL:1',#4902,#4909,'AK45-36_kpL:1');
#87=NEXT_ASSEMBLY_USAGE_OCCURRENCE('calf_L:1','calf_L:1','calf_L:1',#4902,
#4910,'calf_L:1');
#88=NEXT_ASSEMBLY_USAGE_OCCURRENCE('AK45-36_fpL:1','AK45-36_fpL:1',
'AK45-36_fpL:1',#4902,#4911,'AK45-36_fpL:1');
#89=NEXT_ASSEMBLY_USAGE_OCCURRENCE('footJ_L:1','footJ_L:1','footJ_L:1',
#4902,#4912,'footJ_L:1');
#90=NEXT_ASSEMBLY_USAGE_OCCURRENCE('AK45-10_frL:1','AK45-10_frL:1',
'AK45-10_frL:1',#4902,#4913,'AK45-10_frL:1');
#91=NEXT_ASSEMBLY_USAGE_OCCURRENCE('foot_L:1','foot_L:1','foot_L:1',#4902,
#4914,'foot_L:1');
#92=NEXT_ASSEMBLY_USAGE_OCCURRENCE('thighJR_R:1','thighJR_R:1',
'thighJR_R:1',#4902,#4915,'thighJR_R:1');
#93=NEXT_ASSEMBLY_USAGE_OCCURRENCE('AK45-36_trL (1):1',
'AK45-36_trL (1):1','AK45-36_trL (1):1',#4902,#4916,'AK45-36_trL (1):1');
#94=NEXT_ASSEMBLY_USAGE_OCCURRENCE('thighJ_R:1','thighJ_R:1',
'thighJ_R:1',#4902,#4917,'thighJ_R:1');
#95=NEXT_ASSEMBLY_USAGE_OCCURRENCE('AK45-36_tpR:1','AK45-36_tpR:1',
'AK45-36_tpR:1',#4902,#4918,'AK45-36_tpR:1');
#96=NEXT_ASSEMBLY_USAGE_OCCURRENCE('thigh_R:1','thigh_R:1','thigh_R:1',
#4902,#4919,'thigh_R:1');
#97=NEXT_ASSEMBLY_USAGE_OCCURRENCE('AK45-36_kpR:1','AK45-36_kpR:1',
'AK45-36_kpR:1',#4902,#4920,'AK45-36_kpR:1');
#98=NEXT_ASSEMBLY_USAGE_OCCURRENCE('calf_R:1','calf_R:1','calf_R:1',#4902,
#4921,'calf_R:1');
#99=NEXT_ASSEMBLY_USAGE_OCCURRENCE('AK45-36_fpR:1','AK45-36_fpR:1',
'AK45-36_fpR:1',#4902,#4922,'AK45-36_fpR:1');
#100=NEXT_ASSEMBLY_USAGE_OCCURRENCE('footJ_R:1','footJ_R:1','footJ_R:1',
#4902,#4923,'footJ_R:1');
#101=NEXT_ASSEMBLY_USAGE_OCCURRENCE('AK45-10_frR:1','AK45-10_frR:1',
'AK45-10_frR:1',#4902,#4924,'AK45-10_frR:1');
#102=NEXT_ASSEMBLY_USAGE_OCCURRENCE('foot_R:1','foot_R:1','foot_R:1',#4902,
#4925,'foot_R:1');
#103=FACE_BOUND('',#543,.T.);
#104=FACE_BOUND('',#545,.T.);
#105=FACE_BOUND('',#550,.T.);
#106=FACE_BOUND('',#554,.T.);
#107=FACE_BOUND('',#556,.T.);
#108=FACE_BOUND('',#560,.T.);
#109=FACE_BOUND('',#598,.T.);
#110=FACE_BOUND('',#605,.T.);
#111=FACE_BOUND('',#619,.T.);
#112=FACE_BOUND('',#627,.T.);
#113=FACE_BOUND('',#629,.T.);
#114=FACE_BOUND('',#634,.T.);
#115=FACE_BOUND('',#638,.T.);
#116=FACE_BOUND('',#640,.T.);
#117=FACE_BOUND('',#644,.T.);
#118=FACE_BOUND('',#682,.T.);
#119=FACE_BOUND('',#689,.T.);
#120=FACE_BOUND('',#703,.T.);
#121=CIRCLE('',#2870,24.);
#122=CIRCLE('',#2871,24.);
#123=CIRCLE('',#2875,27.);
#124=CIRCLE('',#2876,27.);
#125=CIRCLE('',#2882,24.);
#126=CIRCLE('',#2883,24.);
#127=CIRCLE('',#2888,27.);
#128=CIRCLE('',#2889,24.);
#129=CIRCLE('',#2891,27.);
#130=CIRCLE('',#2893,24.);
#131=CIRCLE('',#2896,29.);
#132=CIRCLE('',#2897,24.);
#133=CIRCLE('',#2899,24.);
#134=CIRCLE('',#2901,29.);
#135=CIRCLE('',#2905,24.);
#136=CIRCLE('',#2906,24.);
#137=CIRCLE('',#2911,7.5);
#138=CIRCLE('',#2912,7.5);
#139=CIRCLE('',#2914,29.);
#140=CIRCLE('',#2915,2.);
#141=CIRCLE('',#2916,10.);
#142=CIRCLE('',#2917,10.);
#143=CIRCLE('',#2921,10.);
#144=CIRCLE('',#2924,10.);
#145=CIRCLE('',#2927,2.);
#146=CIRCLE('',#2929,29.);
#147=CIRCLE('',#2931,19.);
#148=CIRCLE('',#2933,29.);
#149=CIRCLE('',#2935,19.);
#150=CIRCLE('',#2937,29.);
#151=CIRCLE('',#2941,24.);
#152=CIRCLE('',#2942,24.);
#153=CIRCLE('',#2948,19.);
#154=CIRCLE('',#2949,19.);
#155=CIRCLE('',#2951,19.);
#156=CIRCLE('',#2954,19.);
#157=CIRCLE('',#2955,19.);
#158=CIRCLE('',#2957,19.);
#159=CIRCLE('',#2960,19.);
#160=CIRCLE('',#2962,19.);
#161=CIRCLE('',#2964,19.);
#162=CIRCLE('',#2966,19.);
#163=CIRCLE('',#2970,24.);
#164=CIRCLE('',#2971,24.);
#165=CIRCLE('',#2976,28.75);
#166=CIRCLE('',#2977,30.);
#167=CIRCLE('',#2978,23.75);
#168=CIRCLE('',#2980,23.75);
#169=CIRCLE('',#2983,30.);
#170=CIRCLE('',#2986,28.75);
#171=CIRCLE('',#2990,23.75);
#172=CIRCLE('',#2991,23.75);
#173=CIRCLE('',#2996,23.75);
#174=CIRCLE('',#2997,23.75);
#175=CIRCLE('',#3010,24.);
#176=CIRCLE('',#3011,24.);
#177=CIRCLE('',#3015,27.);
#178=CIRCLE('',#3016,27.);
#179=CIRCLE('',#3022,24.);
#180=CIRCLE('',#3023,24.);
#181=CIRCLE('',#3028,27.);
#182=CIRCLE('',#3029,24.);
#183=CIRCLE('',#3031,27.);
#184=CIRCLE('',#3033,24.);
#185=CIRCLE('',#3036,29.);
#186=CIRCLE('',#3037,24.);
#187=CIRCLE('',#3039,24.);
#188=CIRCLE('',#3041,29.);
#189=CIRCLE('',#3045,24.);
#190=CIRCLE('',#3046,24.);
#191=CIRCLE('',#3051,7.5);
#192=CIRCLE('',#3052,7.5);
#193=CIRCLE('',#3054,10.);
#194=CIRCLE('',#3055,10.);
#195=CIRCLE('',#3056,2.);
#196=CIRCLE('',#3057,29.);
#197=CIRCLE('',#3061,10.);
#198=CIRCLE('',#3064,10.);
#199=CIRCLE('',#3067,2.);
#200=CIRCLE('',#3069,29.);
#201=CIRCLE('',#3071,19.);
#202=CIRCLE('',#3073,29.);
#203=CIRCLE('',#3075,19.);
#204=CIRCLE('',#3077,29.);
#205=CIRCLE('',#3081,24.);
#206=CIRCLE('',#3082,24.);
#207=CIRCLE('',#3088,19.);
#208=CIRCLE('',#3089,19.);
#209=CIRCLE('',#3091,19.);
#210=CIRCLE('',#3094,19.);
#211=CIRCLE('',#3095,19.);
#212=CIRCLE('',#3097,19.);
#213=CIRCLE('',#3100,19.);
#214=CIRCLE('',#3102,19.);
#215=CIRCLE('',#3104,19.);
#216=CIRCLE('',#3106,19.);
#217=CIRCLE('',#3110,24.);
#218=CIRCLE('',#3111,24.);
#219=CIRCLE('',#3116,28.75);
#220=CIRCLE('',#3117,30.);
#221=CIRCLE('',#3118,23.75);
#222=CIRCLE('',#3120,23.75);
#223=CIRCLE('',#3123,30.);
#224=CIRCLE('',#3126,28.75);
#225=CIRCLE('',#3130,23.75);
#226=CIRCLE('',#3131,23.75);
#227=CIRCLE('',#3136,23.75);
#228=CIRCLE('',#3137,23.75);
#229=CYLINDRICAL_SURFACE('',#2869,24.);
#230=CYLINDRICAL_SURFACE('',#2874,27.);
#231=CYLINDRICAL_SURFACE('',#2881,24.);
#232=CYLINDRICAL_SURFACE('',#2890,27.);
#233=CYLINDRICAL_SURFACE('',#2892,24.);
#234=CYLINDRICAL_SURFACE('',#2898,24.);
#235=CYLINDRICAL_SURFACE('',#2900,29.);
#236=CYLINDRICAL_SURFACE('',#2904,24.);
#237=CYLINDRICAL_SURFACE('',#2910,7.5);
#238=CYLINDRICAL_SURFACE('',#2920,10.);
#239=CYLINDRICAL_SURFACE('',#2923,10.);
#240=CYLINDRICAL_SURFACE('',#2926,2.);
#241=CYLINDRICAL_SURFACE('',#2928,29.);
#242=CYLINDRICAL_SURFACE('',#2934,19.);
#243=CYLINDRICAL_SURFACE('',#2936,29.);
#244=CYLINDRICAL_SURFACE('',#2940,24.);
#245=CYLINDRICAL_SURFACE('',#2947,19.);
#246=CYLINDRICAL_SURFACE('',#2953,19.);
#247=CYLINDRICAL_SURFACE('',#2956,19.);
#248=CYLINDRICAL_SURFACE('',#2961,19.);
#249=CYLINDRICAL_SURFACE('',#2965,19.);
#250=CYLINDRICAL_SURFACE('',#2969,24.);
#251=CYLINDRICAL_SURFACE('',#2979,23.75);
#252=CYLINDRICAL_SURFACE('',#2982,30.);
#253=CYLINDRICAL_SURFACE('',#2985,28.75);
#254=CYLINDRICAL_SURFACE('',#2989,23.75);
#255=CYLINDRICAL_SURFACE('',#2995,23.75);
#256=CYLINDRICAL_SURFACE('',#3009,24.);
#257=CYLINDRICAL_SURFACE('',#3014,27.);
#258=CYLINDRICAL_SURFACE('',#3021,24.);
#259=CYLINDRICAL_SURFACE('',#3030,27.);
#260=CYLINDRICAL_SURFACE('',#3032,24.);
#261=CYLINDRICAL_SURFACE('',#3038,24.);
#262=CYLINDRICAL_SURFACE('',#3040,29.);
#263=CYLINDRICAL_SURFACE('',#3044,24.);
#264=CYLINDRICAL_SURFACE('',#3050,7.5);
#265=CYLINDRICAL_SURFACE('',#3060,10.);
#266=CYLINDRICAL_SURFACE('',#3063,10.);
#267=CYLINDRICAL_SURFACE('',#3066,2.);
#268=CYLINDRICAL_SURFACE('',#3068,29.);
#269=CYLINDRICAL_SURFACE('',#3074,19.);
#270=CYLINDRICAL_SURFACE('',#3076,29.);
#271=CYLINDRICAL_SURFACE('',#3080,24.);
#272=CYLINDRICAL_SURFACE('',#3087,19.);
#273=CYLINDRICAL_SURFACE('',#3093,19.);
#274=CYLINDRICAL_SURFACE('',#3096,19.);
#275=CYLINDRICAL_SURFACE('',#3101,19.);
#276=CYLINDRICAL_SURFACE('',#3105,19.);
#277=CYLINDRICAL_SURFACE('',#3109,24.);
#278=CYLINDRICAL_SURFACE('',#3119,23.75);
#279=CYLINDRICAL_SURFACE('',#3122,30.);
#280=CYLINDRICAL_SURFACE('',#3125,28.75);
#281=CYLINDRICAL_SURFACE('',#3129,23.75);
#282=CYLINDRICAL_SURFACE('',#3135,23.75);
#283=SHAPE_REPRESENTATION_RELATIONSHIP('SRR','None',#4878,#306);
#284=SHAPE_REPRESENTATION_RELATIONSHIP('SRR','None',#4879,#307);
#285=SHAPE_REPRESENTATION_RELATIONSHIP('SRR','None',#4880,#308);
#286=SHAPE_REPRESENTATION_RELATIONSHIP('SRR','None',#4881,#309);
#287=SHAPE_REPRESENTATION_RELATIONSHIP('SRR','None',#4882,#310);
#288=SHAPE_REPRESENTATION_RELATIONSHIP('SRR','None',#4883,#311);
#289=SHAPE_REPRESENTATION_RELATIONSHIP('SRR','None',#4884,#312);
#290=SHAPE_REPRESENTATION_RELATIONSHIP('SRR','None',#4885,#313);
#291=SHAPE_REPRESENTATION_RELATIONSHIP('SRR','None',#4886,#314);
#292=SHAPE_REPRESENTATION_RELATIONSHIP('SRR','None',#4887,#315);
#293=SHAPE_REPRESENTATION_RELATIONSHIP('SRR','None',#4888,#316);
#294=SHAPE_REPRESENTATION_RELATIONSHIP('SRR','None',#4889,#317);
#295=SHAPE_REPRESENTATION_RELATIONSHIP('SRR','None',#4890,#318);
#296=SHAPE_REPRESENTATION_RELATIONSHIP('SRR','None',#4891,#319);
#297=SHAPE_REPRESENTATION_RELATIONSHIP('SRR','None',#4892,#320);
#298=SHAPE_REPRESENTATION_RELATIONSHIP('SRR','None',#4893,#321);
#299=SHAPE_REPRESENTATION_RELATIONSHIP('SRR','None',#4894,#322);
#300=SHAPE_REPRESENTATION_RELATIONSHIP('SRR','None',#4895,#323);
#301=SHAPE_REPRESENTATION_RELATIONSHIP('SRR','None',#4896,#324);
#302=SHAPE_REPRESENTATION_RELATIONSHIP('SRR','None',#4897,#325);
#303=SHAPE_REPRESENTATION_RELATIONSHIP('SRR','None',#4898,#326);
#304=SHAPE_REPRESENTATION_RELATIONSHIP('SRR','None',#4899,#327);
#305=SHAPE_REPRESENTATION_RELATIONSHIP('SRR','None',#4900,#328);
#306=ADVANCED_BREP_SHAPE_REPRESENTATION('',(#352),#4778);
#307=ADVANCED_BREP_SHAPE_REPRESENTATION('',(#353),#4779);
#308=ADVANCED_BREP_SHAPE_REPRESENTATION('',(#354),#4780);
#309=ADVANCED_BREP_SHAPE_REPRESENTATION('',(#355),#4781);
#310=ADVANCED_BREP_SHAPE_REPRESENTATION('',(#356),#4782);
#311=ADVANCED_BREP_SHAPE_REPRESENTATION('',(#357),#4783);
#312=ADVANCED_BREP_SHAPE_REPRESENTATION('',(#358),#4784);
#313=ADVANCED_BREP_SHAPE_REPRESENTATION('',(#359),#4785);
#314=ADVANCED_BREP_SHAPE_REPRESENTATION('',(#360),#4786);
#315=ADVANCED_BREP_SHAPE_REPRESENTATION('',(#361),#4787);
#316=ADVANCED_BREP_SHAPE_REPRESENTATION('',(#362),#4788);
#317=ADVANCED_BREP_SHAPE_REPRESENTATION('',(#363),#4789);
#318=ADVANCED_BREP_SHAPE_REPRESENTATION('',(#364),#4790);
#319=ADVANCED_BREP_SHAPE_REPRESENTATION('',(#365),#4791);
#320=ADVANCED_BREP_SHAPE_REPRESENTATION('',(#366),#4792);
#321=ADVANCED_BREP_SHAPE_REPRESENTATION('',(#367),#4793);
#322=ADVANCED_BREP_SHAPE_REPRESENTATION('',(#368),#4794);
#323=ADVANCED_BREP_SHAPE_REPRESENTATION('',(#369),#4795);
#324=ADVANCED_BREP_SHAPE_REPRESENTATION('',(#370),#4796);
#325=ADVANCED_BREP_SHAPE_REPRESENTATION('',(#371),#4797);
#326=ADVANCED_BREP_SHAPE_REPRESENTATION('',(#372),#4798);
#327=ADVANCED_BREP_SHAPE_REPRESENTATION('',(#373),#4799);
#328=ADVANCED_BREP_SHAPE_REPRESENTATION('',(#374),#4800);
#329=STYLED_ITEM('',(#5002),#352);
#330=STYLED_ITEM('',(#5003),#353);
#331=STYLED_ITEM('',(#5004),#354);
#332=STYLED_ITEM('',(#5003),#355);
#333=STYLED_ITEM('',(#5004),#356);
#334=STYLED_ITEM('',(#5003),#357);
#335=STYLED_ITEM('',(#5004),#358);
#336=STYLED_ITEM('',(#5003),#359);
#337=STYLED_ITEM('',(#5004),#360);
#338=STYLED_ITEM('',(#5004),#361);
#339=STYLED_ITEM('',(#5004),#362);
#340=STYLED_ITEM('',(#5004),#363);
#341=STYLED_ITEM('',(#5003),#364);
#342=STYLED_ITEM('',(#5004),#365);
#343=STYLED_ITEM('',(#5003),#366);
#344=STYLED_ITEM('',(#5004),#367);
#345=STYLED_ITEM('',(#5003),#368);
#346=STYLED_ITEM('',(#5004),#369);
#347=STYLED_ITEM('',(#5003),#370);
#348=STYLED_ITEM('',(#5004),#371);
#349=STYLED_ITEM('',(#5004),#372);
#350=STYLED_ITEM('',(#5004),#373);
#351=STYLED_ITEM('',(#5004),#374);
#352=MANIFOLD_SOLID_BREP('\X2\BCF8CCB4\X0\1',#2583);
#353=MANIFOLD_SOLID_BREP('\X2\BCF8CCB4\X0\1',#2584);
#354=MANIFOLD_SOLID_BREP('\X2\BCF8CCB4\X0\1',#2585);
#355=MANIFOLD_SOLID_BREP('\X2\BCF8CCB4\X0\1',#2586);
#356=MANIFOLD_SOLID_BREP('\X2\BCF8CCB4\X0\1',#2587);
#357=MANIFOLD_SOLID_BREP('\X2\BCF8CCB4\X0\1',#2588);
#358=MANIFOLD_SOLID_BREP('\X2\BCF8CCB4\X0\1',#2589);
#359=MANIFOLD_SOLID_BREP('\X2\BCF8CCB4\X0\1',#2590);
#360=MANIFOLD_SOLID_BREP('\X2\BCF8CCB4\X0\1',#2591);
#361=MANIFOLD_SOLID_BREP('\X2\BCF8CCB4\X0\1',#2592);
#362=MANIFOLD_SOLID_BREP('\X2\BCF8CCB4\X0\1',#2593);
#363=MANIFOLD_SOLID_BREP('\X2\BCF8CCB4\X0\1',#2594);
#364=MANIFOLD_SOLID_BREP('\X2\BCF8CCB4\X0\1',#2595);
#365=MANIFOLD_SOLID_BREP('\X2\BCF8CCB4\X0\1',#2596);
#366=MANIFOLD_SOLID_BREP('\X2\BCF8CCB4\X0\1',#2597);
#367=MANIFOLD_SOLID_BREP('\X2\BCF8CCB4\X0\1',#2598);
#368=MANIFOLD_SOLID_BREP('\X2\BCF8CCB4\X0\1',#2599);
#369=MANIFOLD_SOLID_BREP('\X2\BCF8CCB4\X0\1',#2600);
#370=MANIFOLD_SOLID_BREP('\X2\BCF8CCB4\X0\1',#2601);
#371=MANIFOLD_SOLID_BREP('\X2\BCF8CCB4\X0\1',#2602);
#372=MANIFOLD_SOLID_BREP('\X2\BCF8CCB4\X0\1',#2603);
#373=MANIFOLD_SOLID_BREP('\X2\BCF8CCB4\X0\1',#2604);
#374=MANIFOLD_SOLID_BREP('\X2\BCF8CCB4\X0\1',#2605);
#375=FACE_OUTER_BOUND('',#531,.T.);
#376=FACE_OUTER_BOUND('',#532,.T.);
#377=FACE_OUTER_BOUND('',#533,.T.);
#378=FACE_OUTER_BOUND('',#534,.T.);
#379=FACE_OUTER_BOUND('',#535,.T.);
#380=FACE_OUTER_BOUND('',#536,.T.);
#381=FACE_OUTER_BOUND('',#537,.T.);
#382=FACE_OUTER_BOUND('',#538,.T.);
#383=FACE_OUTER_BOUND('',#539,.T.);
#384=FACE_OUTER_BOUND('',#540,.T.);
#385=FACE_OUTER_BOUND('',#541,.T.);
#386=FACE_OUTER_BOUND('',#542,.T.);
#387=FACE_OUTER_BOUND('',#544,.T.);
#388=FACE_OUTER_BOUND('',#546,.T.);
#389=FACE_OUTER_BOUND('',#547,.T.);
#390=FACE_OUTER_BOUND('',#548,.T.);
#391=FACE_OUTER_BOUND('',#549,.T.);
#392=FACE_OUTER_BOUND('',#551,.T.);
#393=FACE_OUTER_BOUND('',#552,.T.);
#394=FACE_OUTER_BOUND('',#553,.T.);
#395=FACE_OUTER_BOUND('',#555,.T.);
#396=FACE_OUTER_BOUND('',#557,.T.);
#397=FACE_OUTER_BOUND('',#558,.T.);
#398=FACE_OUTER_BOUND('',#559,.T.);
#399=FACE_OUTER_BOUND('',#561,.T.);
#400=FACE_OUTER_BOUND('',#562,.T.);
#401=FACE_OUTER_BOUND('',#563,.T.);
#402=FACE_OUTER_BOUND('',#564,.T.);
#403=FACE_OUTER_BOUND('',#565,.T.);
#404=FACE_OUTER_BOUND('',#566,.T.);
#405=FACE_OUTER_BOUND('',#567,.T.);
#406=FACE_OUTER_BOUND('',#568,.T.);
#407=FACE_OUTER_BOUND('',#569,.T.);
#408=FACE_OUTER_BOUND('',#570,.T.);
#409=FACE_OUTER_BOUND('',#571,.T.);
#410=FACE_OUTER_BOUND('',#572,.T.);
#411=FACE_OUTER_BOUND('',#573,.T.);
#412=FACE_OUTER_BOUND('',#574,.T.);
#413=FACE_OUTER_BOUND('',#575,.T.);
#414=FACE_OUTER_BOUND('',#576,.T.);
#415=FACE_OUTER_BOUND('',#577,.T.);
#416=FACE_OUTER_BOUND('',#578,.T.);
#417=FACE_OUTER_BOUND('',#579,.T.);
#418=FACE_OUTER_BOUND('',#580,.T.);
#419=FACE_OUTER_BOUND('',#581,.T.);
#420=FACE_OUTER_BOUND('',#582,.T.);
#421=FACE_OUTER_BOUND('',#583,.T.);
#422=FACE_OUTER_BOUND('',#584,.T.);
#423=FACE_OUTER_BOUND('',#585,.T.);
#424=FACE_OUTER_BOUND('',#586,.T.);
#425=FACE_OUTER_BOUND('',#587,.T.);
#426=FACE_OUTER_BOUND('',#588,.T.);
#427=FACE_OUTER_BOUND('',#589,.T.);
#428=FACE_OUTER_BOUND('',#590,.T.);
#429=FACE_OUTER_BOUND('',#591,.T.);
#430=FACE_OUTER_BOUND('',#592,.T.);
#431=FACE_OUTER_BOUND('',#593,.T.);
#432=FACE_OUTER_BOUND('',#594,.T.);
#433=FACE_OUTER_BOUND('',#595,.T.);
#434=FACE_OUTER_BOUND('',#596,.T.);
#435=FACE_OUTER_BOUND('',#597,.T.);
#436=FACE_OUTER_BOUND('',#599,.T.);
#437=FACE_OUTER_BOUND('',#600,.T.);
#438=FACE_OUTER_BOUND('',#601,.T.);
#439=FACE_OUTER_BOUND('',#602,.T.);
#440=FACE_OUTER_BOUND('',#603,.T.);
#441=FACE_OUTER_BOUND('',#604,.T.);
#442=FACE_OUTER_BOUND('',#606,.T.);
#443=FACE_OUTER_BOUND('',#607,.T.);
#444=FACE_OUTER_BOUND('',#608,.T.);
#445=FACE_OUTER_BOUND('',#609,.T.);
#446=FACE_OUTER_BOUND('',#610,.T.);
#447=FACE_OUTER_BOUND('',#611,.T.);
#448=FACE_OUTER_BOUND('',#612,.T.);
#449=FACE_OUTER_BOUND('',#613,.T.);
#450=FACE_OUTER_BOUND('',#614,.T.);
#451=FACE_OUTER_BOUND('',#615,.T.);
#452=FACE_OUTER_BOUND('',#616,.T.);
#453=FACE_OUTER_BOUND('',#617,.T.);
#454=FACE_OUTER_BOUND('',#618,.T.);
#455=FACE_OUTER_BOUND('',#620,.T.);
#456=FACE_OUTER_BOUND('',#621,.T.);
#457=FACE_OUTER_BOUND('',#622,.T.);
#458=FACE_OUTER_BOUND('',#623,.T.);
#459=FACE_OUTER_BOUND('',#624,.T.);
#460=FACE_OUTER_BOUND('',#625,.T.);
#461=FACE_OUTER_BOUND('',#626,.T.);
#462=FACE_OUTER_BOUND('',#628,.T.);
#463=FACE_OUTER_BOUND('',#630,.T.);
#464=FACE_OUTER_BOUND('',#631,.T.);
#465=FACE_OUTER_BOUND('',#632,.T.);
#466=FACE_OUTER_BOUND('',#633,.T.);
#467=FACE_OUTER_BOUND('',#635,.T.);
#468=FACE_OUTER_BOUND('',#636,.T.);
#469=FACE_OUTER_BOUND('',#637,.T.);
#470=FACE_OUTER_BOUND('',#639,.T.);
#471=FACE_OUTER_BOUND('',#641,.T.);
#472=FACE_OUTER_BOUND('',#642,.T.);
#473=FACE_OUTER_BOUND('',#643,.T.);
#474=FACE_OUTER_BOUND('',#645,.T.);
#475=FACE_OUTER_BOUND('',#646,.T.);
#476=FACE_OUTER_BOUND('',#647,.T.);
#477=FACE_OUTER_BOUND('',#648,.T.);
#478=FACE_OUTER_BOUND('',#649,.T.);
#479=FACE_OUTER_BOUND('',#650,.T.);
#480=FACE_OUTER_BOUND('',#651,.T.);
#481=FACE_OUTER_BOUND('',#652,.T.);
#482=FACE_OUTER_BOUND('',#653,.T.);
#483=FACE_OUTER_BOUND('',#654,.T.);
#484=FACE_OUTER_BOUND('',#655,.T.);
#485=FACE_OUTER_BOUND('',#656,.T.);
#486=FACE_OUTER_BOUND('',#657,.T.);
#487=FACE_OUTER_BOUND('',#658,.T.);
#488=FACE_OUTER_BOUND('',#659,.T.);
#489=FACE_OUTER_BOUND('',#660,.T.);
#490=FACE_OUTER_BOUND('',#661,.T.);
#491=FACE_OUTER_BOUND('',#662,.T.);
#492=FACE_OUTER_BOUND('',#663,.T.);
#493=FACE_OUTER_BOUND('',#664,.T.);
#494=FACE_OUTER_BOUND('',#665,.T.);
#495=FACE_OUTER_BOUND('',#666,.T.);
#496=FACE_OUTER_BOUND('',#667,.T.);
#497=FACE_OUTER_BOUND('',#668,.T.);
#498=FACE_OUTER_BOUND('',#669,.T.);
#499=FACE_OUTER_BOUND('',#670,.T.);
#500=FACE_OUTER_BOUND('',#671,.T.);
#501=FACE_OUTER_BOUND('',#672,.T.);
#502=FACE_OUTER_BOUND('',#673,.T.);
#503=FACE_OUTER_BOUND('',#674,.T.);
#504=FACE_OUTER_BOUND('',#675,.T.);
#505=FACE_OUTER_BOUND('',#676,.T.);
#506=FACE_OUTER_BOUND('',#677,.T.);
#507=FACE_OUTER_BOUND('',#678,.T.);
#508=FACE_OUTER_BOUND('',#679,.T.);
#509=FACE_OUTER_BOUND('',#680,.T.);
#510=FACE_OUTER_BOUND('',#681,.T.);
#511=FACE_OUTER_BOUND('',#683,.T.);
#512=FACE_OUTER_BOUND('',#684,.T.);
#513=FACE_OUTER_BOUND('',#685,.T.);
#514=FACE_OUTER_BOUND('',#686,.T.);
#515=FACE_OUTER_BOUND('',#687,.T.);
#516=FACE_OUTER_BOUND('',#688,.T.);
#517=FACE_OUTER_BOUND('',#690,.T.);
#518=FACE_OUTER_BOUND('',#691,.T.);
#519=FACE_OUTER_BOUND('',#692,.T.);
#520=FACE_OUTER_BOUND('',#693,.T.);
#521=FACE_OUTER_BOUND('',#694,.T.);
#522=FACE_OUTER_BOUND('',#695,.T.);
#523=FACE_OUTER_BOUND('',#696,.T.);
#524=FACE_OUTER_BOUND('',#697,.T.);
#525=FACE_OUTER_BOUND('',#698,.T.);
#526=FACE_OUTER_BOUND('',#699,.T.);
#527=FACE_OUTER_BOUND('',#700,.T.);
#528=FACE_OUTER_BOUND('',#701,.T.);
#529=FACE_OUTER_BOUND('',#702,.T.);
#530=FACE_OUTER_BOUND('',#704,.T.);
#531=EDGE_LOOP('',(#1677,#1678,#1679,#1680));
#532=EDGE_LOOP('',(#1681,#1682,#1683,#1684));
#533=EDGE_LOOP('',(#1685,#1686,#1687,#1688));
#534=EDGE_LOOP('',(#1689,#1690,#1691,#1692));
#535=EDGE_LOOP('',(#1693,#1694,#1695,#1696));
#536=EDGE_LOOP('',(#1697,#1698,#1699,#1700));
#537=EDGE_LOOP('',(#1701,#1702,#1703,#1704));
#538=EDGE_LOOP('',(#1705,#1706,#1707,#1708));
#539=EDGE_LOOP('',(#1709,#1710,#1711,#1712));
#540=EDGE_LOOP('',(#1713,#1714,#1715,#1716));
#541=EDGE_LOOP('',(#1717,#1718,#1719,#1720));
#542=EDGE_LOOP('',(#1721,#1722,#1723,#1724));
#543=EDGE_LOOP('',(#1725));
#544=EDGE_LOOP('',(#1726,#1727,#1728,#1729));
#545=EDGE_LOOP('',(#1730));
#546=EDGE_LOOP('',(#1731,#1732,#1733,#1734));
#547=EDGE_LOOP('',(#1735));
#548=EDGE_LOOP('',(#1736));
#549=EDGE_LOOP('',(#1737,#1738,#1739,#1740));
#550=EDGE_LOOP('',(#1741));
#551=EDGE_LOOP('',(#1742,#1743,#1744,#1745));
#552=EDGE_LOOP('',(#1746,#1747,#1748,#1749));
#553=EDGE_LOOP('',(#1750,#1751,#1752,#1753));
#554=EDGE_LOOP('',(#1754));
#555=EDGE_LOOP('',(#1755,#1756,#1757,#1758));
#556=EDGE_LOOP('',(#1759));
#557=EDGE_LOOP('',(#1760,#1761,#1762,#1763));
#558=EDGE_LOOP('',(#1764,#1765,#1766,#1767));
#559=EDGE_LOOP('',(#1768,#1769,#1770,#1771));
#560=EDGE_LOOP('',(#1772));
#561=EDGE_LOOP('',(#1773,#1774,#1775,#1776));
#562=EDGE_LOOP('',(#1777));
#563=EDGE_LOOP('',(#1778));
#564=EDGE_LOOP('',(#1779,#1780,#1781,#1782));
#565=EDGE_LOOP('',(#1783,#1784,#1785,#1786,#1787,#1788,#1789,#1790,#1791));
#566=EDGE_LOOP('',(#1792,#1793,#1794,#1795));
#567=EDGE_LOOP('',(#1796,#1797,#1798,#1799,#1800,#1801,#1802,#1803));
#568=EDGE_LOOP('',(#1804,#1805,#1806,#1807));
#569=EDGE_LOOP('',(#1808,#1809,#1810,#1811));
#570=EDGE_LOOP('',(#1812,#1813,#1814,#1815));
#571=EDGE_LOOP('',(#1816,#1817,#1818,#1819,#1820,#1821,#1822,#1823));
#572=EDGE_LOOP('',(#1824,#1825,#1826,#1827));
#573=EDGE_LOOP('',(#1828,#1829,#1830,#1831));
#574=EDGE_LOOP('',(#1832,#1833,#1834,#1835,#1836,#1837));
#575=EDGE_LOOP('',(#1838,#1839,#1840,#1841,#1842,#1843,#1844));
#576=EDGE_LOOP('',(#1845,#1846,#1847,#1848));
#577=EDGE_LOOP('',(#1849,#1850,#1851,#1852));
#578=EDGE_LOOP('',(#1853,#1854,#1855,#1856));
#579=EDGE_LOOP('',(#1857,#1858,#1859,#1860));
#580=EDGE_LOOP('',(#1861));
#581=EDGE_LOOP('',(#1862));
#582=EDGE_LOOP('',(#1863,#1864,#1865,#1866,#1867,#1868,#1869,#1870,#1871,
#1872));
#583=EDGE_LOOP('',(#1873,#1874,#1875,#1876));
#584=EDGE_LOOP('',(#1877,#1878,#1879,#1880));
#585=EDGE_LOOP('',(#1881,#1882,#1883,#1884,#1885,#1886,#1887,#1888,#1889,
#1890));
#586=EDGE_LOOP('',(#1891,#1892,#1893,#1894));
#587=EDGE_LOOP('',(#1895,#1896,#1897,#1898));
#588=EDGE_LOOP('',(#1899,#1900,#1901,#1902));
#589=EDGE_LOOP('',(#1903,#1904,#1905,#1906));
#590=EDGE_LOOP('',(#1907,#1908,#1909,#1910));
#591=EDGE_LOOP('',(#1911,#1912,#1913,#1914));
#592=EDGE_LOOP('',(#1915,#1916,#1917,#1918));
#593=EDGE_LOOP('',(#1919,#1920,#1921,#1922));
#594=EDGE_LOOP('',(#1923,#1924,#1925,#1926));
#595=EDGE_LOOP('',(#1927));
#596=EDGE_LOOP('',(#1928));
#597=EDGE_LOOP('',(#1929,#1930,#1931,#1932));
#598=EDGE_LOOP('',(#1933));
#599=EDGE_LOOP('',(#1934,#1935,#1936,#1937));
#600=EDGE_LOOP('',(#1938,#1939,#1940,#1941));
#601=EDGE_LOOP('',(#1942,#1943,#1944,#1945));
#602=EDGE_LOOP('',(#1946,#1947,#1948,#1949));
#603=EDGE_LOOP('',(#1950,#1951,#1952,#1953));
#604=EDGE_LOOP('',(#1954,#1955,#1956,#1957));
#605=EDGE_LOOP('',(#1958));
#606=EDGE_LOOP('',(#1959,#1960,#1961,#1962));
#607=EDGE_LOOP('',(#1963));
#608=EDGE_LOOP('',(#1964));
#609=EDGE_LOOP('',(#1965,#1966,#1967,#1968));
#610=EDGE_LOOP('',(#1969,#1970,#1971,#1972));
#611=EDGE_LOOP('',(#1973,#1974,#1975,#1976));
#612=EDGE_LOOP('',(#1977,#1978,#1979,#1980));
#613=EDGE_LOOP('',(#1981,#1982,#1983,#1984));
#614=EDGE_LOOP('',(#1985,#1986,#1987,#1988));
#615=EDGE_LOOP('',(#1989,#1990,#1991,#1992));
#616=EDGE_LOOP('',(#1993,#1994,#1995,#1996));
#617=EDGE_LOOP('',(#1997,#1998,#1999,#2000));
#618=EDGE_LOOP('',(#2001,#2002,#2003,#2004));
#619=EDGE_LOOP('',(#2005,#2006,#2007,#2008));
#620=EDGE_LOOP('',(#2009,#2010,#2011,#2012));
#621=EDGE_LOOP('',(#2013,#2014,#2015,#2016));
#622=EDGE_LOOP('',(#2017,#2018,#2019,#2020));
#623=EDGE_LOOP('',(#2021,#2022,#2023,#2024));
#624=EDGE_LOOP('',(#2025,#2026,#2027,#2028));
#625=EDGE_LOOP('',(#2029,#2030,#2031,#2032));
#626=EDGE_LOOP('',(#2033,#2034,#2035,#2036));
#627=EDGE_LOOP('',(#2037));
#628=EDGE_LOOP('',(#2038,#2039,#2040,#2041));
#629=EDGE_LOOP('',(#2042));
#630=EDGE_LOOP('',(#2043,#2044,#2045,#2046));
#631=EDGE_LOOP('',(#2047));
#632=EDGE_LOOP('',(#2048));
#633=EDGE_LOOP('',(#2049,#2050,#2051,#2052));
#634=EDGE_LOOP('',(#2053));
#635=EDGE_LOOP('',(#2054,#2055,#2056,#2057));
#636=EDGE_LOOP('',(#2058,#2059,#2060,#2061));
#637=EDGE_LOOP('',(#2062,#2063,#2064,#2065));
#638=EDGE_LOOP('',(#2066));
#639=EDGE_LOOP('',(#2067,#2068,#2069,#2070));
#640=EDGE_LOOP('',(#2071));
#641=EDGE_LOOP('',(#2072,#2073,#2074,#2075));
#642=EDGE_LOOP('',(#2076,#2077,#2078,#2079));
#643=EDGE_LOOP('',(#2080,#2081,#2082,#2083));
#644=EDGE_LOOP('',(#2084));
#645=EDGE_LOOP('',(#2085,#2086,#2087,#2088));
#646=EDGE_LOOP('',(#2089));
#647=EDGE_LOOP('',(#2090));
#648=EDGE_LOOP('',(#2091,#2092,#2093,#2094));
#649=EDGE_LOOP('',(#2095,#2096,#2097,#2098,#2099,#2100,#2101,#2102,#2103));
#650=EDGE_LOOP('',(#2104,#2105,#2106,#2107));
#651=EDGE_LOOP('',(#2108,#2109,#2110,#2111,#2112,#2113,#2114,#2115));
#652=EDGE_LOOP('',(#2116,#2117,#2118,#2119));
#653=EDGE_LOOP('',(#2120,#2121,#2122,#2123));
#654=EDGE_LOOP('',(#2124,#2125,#2126,#2127));
#655=EDGE_LOOP('',(#2128,#2129,#2130,#2131,#2132,#2133,#2134,#2135));
#656=EDGE_LOOP('',(#2136,#2137,#2138,#2139));
#657=EDGE_LOOP('',(#2140,#2141,#2142,#2143));
#658=EDGE_LOOP('',(#2144,#2145,#2146,#2147,#2148,#2149));
#659=EDGE_LOOP('',(#2150,#2151,#2152,#2153,#2154,#2155,#2156));
#660=EDGE_LOOP('',(#2157,#2158,#2159,#2160));
#661=EDGE_LOOP('',(#2161,#2162,#2163,#2164));
#662=EDGE_LOOP('',(#2165,#2166,#2167,#2168));
#663=EDGE_LOOP('',(#2169,#2170,#2171,#2172));
#664=EDGE_LOOP('',(#2173));
#665=EDGE_LOOP('',(#2174));
#666=EDGE_LOOP('',(#2175,#2176,#2177,#2178,#2179,#2180,#2181,#2182,#2183,
#2184));
#667=EDGE_LOOP('',(#2185,#2186,#2187,#2188));
#668=EDGE_LOOP('',(#2189,#2190,#2191,#2192));
#669=EDGE_LOOP('',(#2193,#2194,#2195,#2196,#2197,#2198,#2199,#2200,#2201,
#2202));
#670=EDGE_LOOP('',(#2203,#2204,#2205,#2206));
#671=EDGE_LOOP('',(#2207,#2208,#2209,#2210));
#672=EDGE_LOOP('',(#2211,#2212,#2213,#2214));
#673=EDGE_LOOP('',(#2215,#2216,#2217,#2218));
#674=EDGE_LOOP('',(#2219,#2220,#2221,#2222));
#675=EDGE_LOOP('',(#2223,#2224,#2225,#2226));
#676=EDGE_LOOP('',(#2227,#2228,#2229,#2230));
#677=EDGE_LOOP('',(#2231,#2232,#2233,#2234));
#678=EDGE_LOOP('',(#2235,#2236,#2237,#2238));
#679=EDGE_LOOP('',(#2239));
#680=EDGE_LOOP('',(#2240));
#681=EDGE_LOOP('',(#2241,#2242,#2243,#2244));
#682=EDGE_LOOP('',(#2245));
#683=EDGE_LOOP('',(#2246,#2247,#2248,#2249));
#684=EDGE_LOOP('',(#2250,#2251,#2252,#2253));
#685=EDGE_LOOP('',(#2254,#2255,#2256,#2257));
#686=EDGE_LOOP('',(#2258,#2259,#2260,#2261));
#687=EDGE_LOOP('',(#2262,#2263,#2264,#2265));
#688=EDGE_LOOP('',(#2266,#2267,#2268,#2269));
#689=EDGE_LOOP('',(#2270));
#690=EDGE_LOOP('',(#2271,#2272,#2273,#2274));
#691=EDGE_LOOP('',(#2275));
#692=EDGE_LOOP('',(#2276));
#693=EDGE_LOOP('',(#2277,#2278,#2279,#2280));
#694=EDGE_LOOP('',(#2281,#2282,#2283,#2284));
#695=EDGE_LOOP('',(#2285,#2286,#2287,#2288));
#696=EDGE_LOOP('',(#2289,#2290,#2291,#2292));
#697=EDGE_LOOP('',(#2293,#2294,#2295,#2296));
#698=EDGE_LOOP('',(#2297,#2298,#2299,#2300));
#699=EDGE_LOOP('',(#2301,#2302,#2303,#2304));
#700=EDGE_LOOP('',(#2305,#2306,#2307,#2308));
#701=EDGE_LOOP('',(#2309,#2310,#2311,#2312));
#702=EDGE_LOOP('',(#2313,#2314,#2315,#2316));
#703=EDGE_LOOP('',(#2317,#2318,#2319,#2320));
#704=EDGE_LOOP('',(#2321,#2322,#2323,#2324));
#705=LINE('',#4014,#921);
#706=LINE('',#4016,#922);
#707=LINE('',#4018,#923);
#708=LINE('',#4019,#924);
#709=LINE('',#4022,#925);
#710=LINE('',#4024,#926);
#711=LINE('',#4025,#927);
#712=LINE('',#4028,#928);
#713=LINE('',#4030,#929);
#714=LINE('',#4031,#930);
#715=LINE('',#4033,#931);
#716=LINE('',#4034,#932);
#717=LINE('',#4042,#933);
#718=LINE('',#4047,#934);
#719=LINE('',#4049,#935);
#720=LINE('',#4051,#936);
#721=LINE('',#4052,#937);
#722=LINE('',#4055,#938);
#723=LINE('',#4057,#939);
#724=LINE('',#4058,#940);
#725=LINE('',#4064,#941);
#726=LINE('',#4066,#942);
#727=LINE('',#4067,#943);
#728=LINE('',#4075,#944);
#729=LINE('',#4083,#945);
#730=LINE('',#4085,#946);
#731=LINE('',#4087,#947);
#732=LINE('',#4093,#948);
#733=LINE('',#4096,#949);
#734=LINE('',#4100,#950);
#735=LINE('',#4103,#951);
#736=LINE('',#4105,#952);
#737=LINE('',#4106,#953);
#738=LINE('',#4114,#954);
#739=LINE('',#4123,#955);
#740=LINE('',#4133,#956);
#741=LINE('',#4136,#957);
#742=LINE('',#4139,#958);
#743=LINE('',#4145,#959);
#744=LINE('',#4149,#960);
#745=LINE('',#4152,#961);
#746=LINE('',#4155,#962);
#747=LINE('',#4156,#963);
#748=LINE('',#4159,#964);
#749=LINE('',#4161,#965);
#750=LINE('',#4163,#966);
#751=LINE('',#4165,#967);
#752=LINE('',#4167,#968);
#753=LINE('',#4168,#969);
#754=LINE('',#4171,#970);
#755=LINE('',#4174,#971);
#756=LINE('',#4177,#972);
#757=LINE('',#4178,#973);
#758=LINE('',#4183,#974);
#759=LINE('',#4185,#975);
#760=LINE('',#4187,#976);
#761=LINE('',#4189,#977);
#762=LINE('',#4191,#978);
#763=LINE('',#4192,#979);
#764=LINE('',#4195,#980);
#765=LINE('',#4213,#981);
#766=LINE('',#4221,#982);
#767=LINE('',#4223,#983);
#768=LINE('',#4225,#984);
#769=LINE('',#4227,#985);
#770=LINE('',#4229,#986);
#771=LINE('',#4231,#987);
#772=LINE('',#4233,#988);
#773=LINE('',#4235,#989);
#774=LINE('',#4237,#990);
#775=LINE('',#4238,#991);
#776=LINE('',#4243,#992);
#777=LINE('',#4248,#993);
#778=LINE('',#4251,#994);
#779=LINE('',#4253,#995);
#780=LINE('',#4255,#996);
#781=LINE('',#4257,#997);
#782=LINE('',#4259,#998);
#783=LINE('',#4261,#999);
#784=LINE('',#4263,#1000);
#785=LINE('',#4264,#1001);
#786=LINE('',#4285,#1002);
#787=LINE('',#4295,#1003);
#788=LINE('',#4298,#1004);
#789=LINE('',#4304,#1005);
#790=LINE('',#4307,#1006);
#791=LINE('',#4309,#1007);
#792=LINE('',#4310,#1008);
#793=LINE('',#4314,#1009);
#794=LINE('',#4317,#1010);
#795=LINE('',#4318,#1011);
#796=LINE('',#4327,#1012);
#797=LINE('',#4337,#1013);
#798=LINE('',#4340,#1014);
#799=LINE('',#4344,#1015);
#800=LINE('',#4345,#1016);
#801=LINE('',#4346,#1017);
#802=LINE('',#4349,#1018);
#803=LINE('',#4350,#1019);
#804=LINE('',#4353,#1020);
#805=LINE('',#4354,#1021);
#806=LINE('',#4356,#1022);
#807=LINE('',#4360,#1023);
#808=LINE('',#4362,#1024);
#809=LINE('',#4364,#1025);
#810=LINE('',#4365,#1026);
#811=LINE('',#4368,#1027);
#812=LINE('',#4370,#1028);
#813=LINE('',#4371,#1029);
#814=LINE('',#4374,#1030);
#815=LINE('',#4376,#1031);
#816=LINE('',#4377,#1032);
#817=LINE('',#4379,#1033);
#818=LINE('',#4380,#1034);
#819=LINE('',#4388,#1035);
#820=LINE('',#4393,#1036);
#821=LINE('',#4395,#1037);
#822=LINE('',#4397,#1038);
#823=LINE('',#4398,#1039);
#824=LINE('',#4401,#1040);
#825=LINE('',#4403,#1041);
#826=LINE('',#4404,#1042);
#827=LINE('',#4409,#1043);
#828=LINE('',#4412,#1044);
#829=LINE('',#4413,#1045);
#830=LINE('',#4421,#1046);
#831=LINE('',#4429,#1047);
#832=LINE('',#4433,#1048);
#833=LINE('',#4434,#1049);
#834=LINE('',#4439,#1050);
#835=LINE('',#4442,#1051);
#836=LINE('',#4446,#1052);
#837=LINE('',#4449,#1053);
#838=LINE('',#4451,#1054);
#839=LINE('',#4452,#1055);
#840=LINE('',#4460,#1056);
#841=LINE('',#4469,#1057);
#842=LINE('',#4479,#1058);
#843=LINE('',#4482,#1059);
#844=LINE('',#4485,#1060);
#845=LINE('',#4489,#1061);
#846=LINE('',#4493,#1062);
#847=LINE('',#4498,#1063);
#848=LINE('',#4501,#1064);
#849=LINE('',#4502,#1065);
#850=LINE('',#4505,#1066);
#851=LINE('',#4507,#1067);
#852=LINE('',#4509,#1068);
#853=LINE('',#4511,#1069);
#854=LINE('',#4513,#1070);
#855=LINE('',#4514,#1071);
#856=LINE('',#4517,#1072);
#857=LINE('',#4520,#1073);
#858=LINE('',#4523,#1074);
#859=LINE('',#4524,#1075);
#860=LINE('',#4529,#1076);
#861=LINE('',#4531,#1077);
#862=LINE('',#4533,#1078);
#863=LINE('',#4535,#1079);
#864=LINE('',#4537,#1080);
#865=LINE('',#4538,#1081);
#866=LINE('',#4542,#1082);
#867=LINE('',#4559,#1083);
#868=LINE('',#4567,#1084);
#869=LINE('',#4569,#1085);
#870=LINE('',#4571,#1086);
#871=LINE('',#4573,#1087);
#872=LINE('',#4575,#1088);
#873=LINE('',#4577,#1089);
#874=LINE('',#4579,#1090);
#875=LINE('',#4581,#1091);
#876=LINE('',#4583,#1092);
#877=LINE('',#4584,#1093);
#878=LINE('',#4590,#1094);
#879=LINE('',#4593,#1095);
#880=LINE('',#4597,#1096);
#881=LINE('',#4599,#1097);
#882=LINE('',#4601,#1098);
#883=LINE('',#4603,#1099);
#884=LINE('',#4605,#1100);
#885=LINE('',#4607,#1101);
#886=LINE('',#4609,#1102);
#887=LINE('',#4610,#1103);
#888=LINE('',#4631,#1104);
#889=LINE('',#4641,#1105);
#890=LINE('',#4644,#1106);
#891=LINE('',#4650,#1107);
#892=LINE('',#4653,#1108);
#893=LINE('',#4655,#1109);
#894=LINE('',#4656,#1110);
#895=LINE('',#4659,#1111);
#896=LINE('',#4663,#1112);
#897=LINE('',#4664,#1113);
#898=LINE('',#4673,#1114);
#899=LINE('',#4683,#1115);
#900=LINE('',#4686,#1116);
#901=LINE('',#4690,#1117);
#902=LINE('',#4691,#1118);
#903=LINE('',#4692,#1119);
#904=LINE('',#4695,#1120);
#905=LINE('',#4696,#1121);
#906=LINE('',#4699,#1122);
#907=LINE('',#4700,#1123);
#908=LINE('',#4702,#1124);
#909=LINE('',#4706,#1125);
#910=LINE('',#4708,#1126);
#911=LINE('',#4710,#1127);
#912=LINE('',#4711,#1128);
#913=LINE('',#4714,#1129);
#914=LINE('',#4716,#1130);
#915=LINE('',#4717,#1131);
#916=LINE('',#4720,#1132);
#917=LINE('',#4722,#1133);
#918=LINE('',#4723,#1134);
#919=LINE('',#4725,#1135);
#920=LINE('',#4726,#1136);
#921=VECTOR('',#3177,10.);
#922=VECTOR('',#3178,10.);
#923=VECTOR('',#3179,10.);
#924=VECTOR('',#3180,10.);
#925=VECTOR('',#3183,10.);
#926=VECTOR('',#3184,10.);
#927=VECTOR('',#3185,10.);
#928=VECTOR('',#3188,10.);
#929=VECTOR('',#3189,10.);
#930=VECTOR('',#3190,10.);
#931=VECTOR('',#3193,10.);
#932=VECTOR('',#3194,10.);
#933=VECTOR('',#3205,24.);
#934=VECTOR('',#3210,10.);
#935=VECTOR('',#3211,10.);
#936=VECTOR('',#3212,10.);
#937=VECTOR('',#3213,10.);
#938=VECTOR('',#3216,10.);
#939=VECTOR('',#3217,10.);
#940=VECTOR('',#3218,10.);
#941=VECTOR('',#3225,10.);
#942=VECTOR('',#3228,10.);
#943=VECTOR('',#3229,10.);
#944=VECTOR('',#3240,24.);
#945=VECTOR('',#3251,10.);
#946=VECTOR('',#3252,10.);
#947=VECTOR('',#3253,10.);
#948=VECTOR('',#3260,10.);
#949=VECTOR('',#3263,10.);
#950=VECTOR('',#3268,24.);
#951=VECTOR('',#3271,10.);
#952=VECTOR('',#3272,10.);
#953=VECTOR('',#3273,10.);
#954=VECTOR('',#3284,24.);
#955=VECTOR('',#3297,24.);
#956=VECTOR('',#3310,10.);
#957=VECTOR('',#3313,10.);
#958=VECTOR('',#3316,10.);
#959=VECTOR('',#3321,10.);
#960=VECTOR('',#3324,10.);
#961=VECTOR('',#3327,10.);
#962=VECTOR('',#3330,10.);
#963=VECTOR('',#3331,10.);
#964=VECTOR('',#3334,10.);
#965=VECTOR('',#3335,10.);
#966=VECTOR('',#3336,10.);
#967=VECTOR('',#3337,10.);
#968=VECTOR('',#3338,10.);
#969=VECTOR('',#3339,10.);
#970=VECTOR('',#3342,10.);
#971=VECTOR('',#3345,10.);
#972=VECTOR('',#3348,10.);
#973=VECTOR('',#3349,10.);
#974=VECTOR('',#3356,10.);
#975=VECTOR('',#3357,10.);
#976=VECTOR('',#3358,10.);
#977=VECTOR('',#3359,10.);
#978=VECTOR('',#3360,10.);
#979=VECTOR('',#3361,10.);
#980=VECTOR('',#3364,10.);
#981=VECTOR('',#3395,24.);
#982=VECTOR('',#3406,10.);
#983=VECTOR('',#3407,10.);
#984=VECTOR('',#3408,10.);
#985=VECTOR('',#3409,10.);
#986=VECTOR('',#3410,10.);
#987=VECTOR('',#3411,10.);
#988=VECTOR('',#3412,10.);
#989=VECTOR('',#3413,10.);
#990=VECTOR('',#3414,10.);
#991=VECTOR('',#3415,10.);
#992=VECTOR('',#3420,10.);
#993=VECTOR('',#3427,10.);
#994=VECTOR('',#3430,10.);
#995=VECTOR('',#3431,10.);
#996=VECTOR('',#3432,10.);
#997=VECTOR('',#3433,10.);
#998=VECTOR('',#3434,10.);
#999=VECTOR('',#3435,10.);
#1000=VECTOR('',#3436,10.);
#1001=VECTOR('',#3437,10.);
#1002=VECTOR('',#3474,24.);
#1003=VECTOR('',#3487,10.);
#1004=VECTOR('',#3490,10.);
#1005=VECTOR('',#3497,23.75);
#1006=VECTOR('',#3500,10.);
#1007=VECTOR('',#3501,10.);
#1008=VECTOR('',#3502,10.);
#1009=VECTOR('',#3507,10.);
#1010=VECTOR('',#3510,10.);
#1011=VECTOR('',#3511,10.);
#1012=VECTOR('',#3524,23.75);
#1013=VECTOR('',#3537,10.);
#1014=VECTOR('',#3540,10.);
#1015=VECTOR('',#3543,10.);
#1016=VECTOR('',#3544,10.);
#1017=VECTOR('',#3545,10.);
#1018=VECTOR('',#3548,10.);
#1019=VECTOR('',#3549,10.);
#1020=VECTOR('',#3552,10.);
#1021=VECTOR('',#3553,10.);
#1022=VECTOR('',#3556,10.);
#1023=VECTOR('',#3559,10.);
#1024=VECTOR('',#3560,10.);
#1025=VECTOR('',#3561,10.);
#1026=VECTOR('',#3562,10.);
#1027=VECTOR('',#3565,10.);
#1028=VECTOR('',#3566,10.);
#1029=VECTOR('',#3567,10.);
#1030=VECTOR('',#3570,10.);
#1031=VECTOR('',#3571,10.);
#1032=VECTOR('',#3572,10.);
#1033=VECTOR('',#3575,10.);
#1034=VECTOR('',#3576,10.);
#1035=VECTOR('',#3587,24.);
#1036=VECTOR('',#3592,10.);
#1037=VECTOR('',#3593,10.);
#1038=VECTOR('',#3594,10.);
#1039=VECTOR('',#3595,10.);
#1040=VECTOR('',#3598,10.);
#1041=VECTOR('',#3599,10.);
#1042=VECTOR('',#3600,10.);
#1043=VECTOR('',#3605,10.);
#1044=VECTOR('',#3610,10.);
#1045=VECTOR('',#3611,10.);
#1046=VECTOR('',#3622,24.);
#1047=VECTOR('',#3633,10.);
#1048=VECTOR('',#3636,10.);
#1049=VECTOR('',#3637,10.);
#1050=VECTOR('',#3642,10.);
#1051=VECTOR('',#3645,10.);
#1052=VECTOR('',#3650,24.);
#1053=VECTOR('',#3653,10.);
#1054=VECTOR('',#3654,10.);
#1055=VECTOR('',#3655,10.);
#1056=VECTOR('',#3666,24.);
#1057=VECTOR('',#3679,24.);
#1058=VECTOR('',#3692,10.);
#1059=VECTOR('',#3695,10.);
#1060=VECTOR('',#3698,10.);
#1061=VECTOR('',#3701,10.);
#1062=VECTOR('',#3704,10.);
#1063=VECTOR('',#3709,10.);
#1064=VECTOR('',#3712,10.);
#1065=VECTOR('',#3713,10.);
#1066=VECTOR('',#3716,10.);
#1067=VECTOR('',#3717,10.);
#1068=VECTOR('',#3718,10.);
#1069=VECTOR('',#3719,10.);
#1070=VECTOR('',#3720,10.);
#1071=VECTOR('',#3721,10.);
#1072=VECTOR('',#3724,10.);
#1073=VECTOR('',#3727,10.);
#1074=VECTOR('',#3730,10.);
#1075=VECTOR('',#3731,10.);
#1076=VECTOR('',#3738,10.);
#1077=VECTOR('',#3739,10.);
#1078=VECTOR('',#3740,10.);
#1079=VECTOR('',#3741,10.);
#1080=VECTOR('',#3742,10.);
#1081=VECTOR('',#3743,10.);
#1082=VECTOR('',#3748,10.);
#1083=VECTOR('',#3777,24.);
#1084=VECTOR('',#3788,10.);
#1085=VECTOR('',#3789,10.);
#1086=VECTOR('',#3790,10.);
#1087=VECTOR('',#3791,10.);
#1088=VECTOR('',#3792,10.);
#1089=VECTOR('',#3793,10.);
#1090=VECTOR('',#3794,10.);
#1091=VECTOR('',#3795,10.);
#1092=VECTOR('',#3796,10.);
#1093=VECTOR('',#3797,10.);
#1094=VECTOR('',#3804,10.);
#1095=VECTOR('',#3807,10.);
#1096=VECTOR('',#3812,10.);
#1097=VECTOR('',#3813,10.);
#1098=VECTOR('',#3814,10.);
#1099=VECTOR('',#3815,10.);
#1100=VECTOR('',#3816,10.);
#1101=VECTOR('',#3817,10.);
#1102=VECTOR('',#3818,10.);
#1103=VECTOR('',#3819,10.);
#1104=VECTOR('',#3856,24.);
#1105=VECTOR('',#3869,10.);
#1106=VECTOR('',#3872,10.);
#1107=VECTOR('',#3879,23.75);
#1108=VECTOR('',#3882,10.);
#1109=VECTOR('',#3883,10.);
#1110=VECTOR('',#3884,10.);
#1111=VECTOR('',#3887,10.);
#1112=VECTOR('',#3892,10.);
#1113=VECTOR('',#3893,10.);
#1114=VECTOR('',#3906,23.75);
#1115=VECTOR('',#3919,10.);
#1116=VECTOR('',#3922,10.);
#1117=VECTOR('',#3925,10.);
#1118=VECTOR('',#3926,10.);
#1119=VECTOR('',#3927,10.);
#1120=VECTOR('',#3930,10.);
#1121=VECTOR('',#3931,10.);
#1122=VECTOR('',#3934,10.);
#1123=VECTOR('',#3935,10.);
#1124=VECTOR('',#3938,10.);
#1125=VECTOR('',#3941,10.);
#1126=VECTOR('',#3942,10.);
#1127=VECTOR('',#3943,10.);
#1128=VECTOR('',#3944,10.);
#1129=VECTOR('',#3947,10.);
#1130=VECTOR('',#3948,10.);
#1131=VECTOR('',#3949,10.);
#1132=VECTOR('',#3952,10.);
#1133=VECTOR('',#3953,10.);
#1134=VECTOR('',#3954,10.);
#1135=VECTOR('',#3957,10.);
#1136=VECTOR('',#3958,10.);
#1137=VERTEX_POINT('',#4012);
#1138=VERTEX_POINT('',#4013);
#1139=VERTEX_POINT('',#4015);
#1140=VERTEX_POINT('',#4017);
#1141=VERTEX_POINT('',#4021);
#1142=VERTEX_POINT('',#4023);
#1143=VERTEX_POINT('',#4027);
#1144=VERTEX_POINT('',#4029);
#1145=VERTEX_POINT('',#4039);
#1146=VERTEX_POINT('',#4041);
#1147=VERTEX_POINT('',#4045);
#1148=VERTEX_POINT('',#4046);
#1149=VERTEX_POINT('',#4048);
#1150=VERTEX_POINT('',#4050);
#1151=VERTEX_POINT('',#4054);
#1152=VERTEX_POINT('',#4056);
#1153=VERTEX_POINT('',#4060);
#1154=VERTEX_POINT('',#4062);
#1155=VERTEX_POINT('',#4072);
#1156=VERTEX_POINT('',#4074);
#1157=VERTEX_POINT('',#4081);
#1158=VERTEX_POINT('',#4082);
#1159=VERTEX_POINT('',#4084);
#1160=VERTEX_POINT('',#4086);
#1161=VERTEX_POINT('',#4089);
#1162=VERTEX_POINT('',#4092);
#1163=VERTEX_POINT('',#4094);
#1164=VERTEX_POINT('',#4098);
#1165=VERTEX_POINT('',#4102);
#1166=VERTEX_POINT('',#4104);
#1167=VERTEX_POINT('',#4109);
#1168=VERTEX_POINT('',#4112);
#1169=VERTEX_POINT('',#4120);
#1170=VERTEX_POINT('',#4122);
#1171=VERTEX_POINT('',#4129);
#1172=VERTEX_POINT('',#4130);
#1173=VERTEX_POINT('',#4132);
#1174=VERTEX_POINT('',#4134);
#1175=VERTEX_POINT('',#4138);
#1176=VERTEX_POINT('',#4140);
#1177=VERTEX_POINT('',#4142);
#1178=VERTEX_POINT('',#4144);
#1179=VERTEX_POINT('',#4146);
#1180=VERTEX_POINT('',#4148);
#1181=VERTEX_POINT('',#4150);
#1182=VERTEX_POINT('',#4154);
#1183=VERTEX_POINT('',#4158);
#1184=VERTEX_POINT('',#4160);
#1185=VERTEX_POINT('',#4162);
#1186=VERTEX_POINT('',#4164);
#1187=VERTEX_POINT('',#4166);
#1188=VERTEX_POINT('',#4170);
#1189=VERTEX_POINT('',#4172);
#1190=VERTEX_POINT('',#4176);
#1191=VERTEX_POINT('',#4182);
#1192=VERTEX_POINT('',#4184);
#1193=VERTEX_POINT('',#4186);
#1194=VERTEX_POINT('',#4188);
#1195=VERTEX_POINT('',#4190);
#1196=VERTEX_POINT('',#4194);
#1197=VERTEX_POINT('',#4210);
#1198=VERTEX_POINT('',#4212);
#1199=VERTEX_POINT('',#4219);
#1200=VERTEX_POINT('',#4220);
#1201=VERTEX_POINT('',#4222);
#1202=VERTEX_POINT('',#4224);
#1203=VERTEX_POINT('',#4226);
#1204=VERTEX_POINT('',#4228);
#1205=VERTEX_POINT('',#4230);
#1206=VERTEX_POINT('',#4232);
#1207=VERTEX_POINT('',#4234);
#1208=VERTEX_POINT('',#4236);
#1209=VERTEX_POINT('',#4240);
#1210=VERTEX_POINT('',#4242);
#1211=VERTEX_POINT('',#4246);
#1212=VERTEX_POINT('',#4250);
#1213=VERTEX_POINT('',#4252);
#1214=VERTEX_POINT('',#4254);
#1215=VERTEX_POINT('',#4256);
#1216=VERTEX_POINT('',#4258);
#1217=VERTEX_POINT('',#4260);
#1218=VERTEX_POINT('',#4262);
#1219=VERTEX_POINT('',#4282);
#1220=VERTEX_POINT('',#4284);
#1221=VERTEX_POINT('',#4291);
#1222=VERTEX_POINT('',#4292);
#1223=VERTEX_POINT('',#4294);
#1224=VERTEX_POINT('',#4296);
#1225=VERTEX_POINT('',#4299);
#1226=VERTEX_POINT('',#4302);
#1227=VERTEX_POINT('',#4306);
#1228=VERTEX_POINT('',#4308);
#1229=VERTEX_POINT('',#4312);
#1230=VERTEX_POINT('',#4316);
#1231=VERTEX_POINT('',#4324);
#1232=VERTEX_POINT('',#4326);
#1233=VERTEX_POINT('',#4333);
#1234=VERTEX_POINT('',#4334);
#1235=VERTEX_POINT('',#4336);
#1236=VERTEX_POINT('',#4338);
#1237=VERTEX_POINT('',#4342);
#1238=VERTEX_POINT('',#4343);
#1239=VERTEX_POINT('',#4348);
#1240=VERTEX_POINT('',#4352);
#1241=VERTEX_POINT('',#4358);
#1242=VERTEX_POINT('',#4359);
#1243=VERTEX_POINT('',#4361);
#1244=VERTEX_POINT('',#4363);
#1245=VERTEX_POINT('',#4367);
#1246=VERTEX_POINT('',#4369);
#1247=VERTEX_POINT('',#4373);
#1248=VERTEX_POINT('',#4375);
#1249=VERTEX_POINT('',#4385);
#1250=VERTEX_POINT('',#4387);
#1251=VERTEX_POINT('',#4391);
#1252=VERTEX_POINT('',#4392);
#1253=VERTEX_POINT('',#4394);
#1254=VERTEX_POINT('',#4396);
#1255=VERTEX_POINT('',#4400);
#1256=VERTEX_POINT('',#4402);
#1257=VERTEX_POINT('',#4406);
#1258=VERTEX_POINT('',#4408);
#1259=VERTEX_POINT('',#4418);
#1260=VERTEX_POINT('',#4420);
#1261=VERTEX_POINT('',#4427);
#1262=VERTEX_POINT('',#4428);
#1263=VERTEX_POINT('',#4430);
#1264=VERTEX_POINT('',#4432);
#1265=VERTEX_POINT('',#4435);
#1266=VERTEX_POINT('',#4438);
#1267=VERTEX_POINT('',#4440);
#1268=VERTEX_POINT('',#4444);
#1269=VERTEX_POINT('',#4448);
#1270=VERTEX_POINT('',#4450);
#1271=VERTEX_POINT('',#4455);
#1272=VERTEX_POINT('',#4458);
#1273=VERTEX_POINT('',#4466);
#1274=VERTEX_POINT('',#4468);
#1275=VERTEX_POINT('',#4475);
#1276=VERTEX_POINT('',#4476);
#1277=VERTEX_POINT('',#4478);
#1278=VERTEX_POINT('',#4480);
#1279=VERTEX_POINT('',#4484);
#1280=VERTEX_POINT('',#4486);
#1281=VERTEX_POINT('',#4488);
#1282=VERTEX_POINT('',#4490);
#1283=VERTEX_POINT('',#4492);
#1284=VERTEX_POINT('',#4494);
#1285=VERTEX_POINT('',#4496);
#1286=VERTEX_POINT('',#4500);
#1287=VERTEX_POINT('',#4504);
#1288=VERTEX_POINT('',#4506);
#1289=VERTEX_POINT('',#4508);
#1290=VERTEX_POINT('',#4510);
#1291=VERTEX_POINT('',#4512);
#1292=VERTEX_POINT('',#4516);
#1293=VERTEX_POINT('',#4518);
#1294=VERTEX_POINT('',#4522);
#1295=VERTEX_POINT('',#4528);
#1296=VERTEX_POINT('',#4530);
#1297=VERTEX_POINT('',#4532);
#1298=VERTEX_POINT('',#4534);
#1299=VERTEX_POINT('',#4536);
#1300=VERTEX_POINT('',#4540);
#1301=VERTEX_POINT('',#4556);
#1302=VERTEX_POINT('',#4558);
#1303=VERTEX_POINT('',#4565);
#1304=VERTEX_POINT('',#4566);
#1305=VERTEX_POINT('',#4568);
#1306=VERTEX_POINT('',#4570);
#1307=VERTEX_POINT('',#4572);
#1308=VERTEX_POINT('',#4574);
#1309=VERTEX_POINT('',#4576);
#1310=VERTEX_POINT('',#4578);
#1311=VERTEX_POINT('',#4580);
#1312=VERTEX_POINT('',#4582);
#1313=VERTEX_POINT('',#4586);
#1314=VERTEX_POINT('',#4588);
#1315=VERTEX_POINT('',#4592);
#1316=VERTEX_POINT('',#4596);
#1317=VERTEX_POINT('',#4598);
#1318=VERTEX_POINT('',#4600);
#1319=VERTEX_POINT('',#4602);
#1320=VERTEX_POINT('',#4604);
#1321=VERTEX_POINT('',#4606);
#1322=VERTEX_POINT('',#4608);
#1323=VERTEX_POINT('',#4628);
#1324=VERTEX_POINT('',#4630);
#1325=VERTEX_POINT('',#4637);
#1326=VERTEX_POINT('',#4638);
#1327=VERTEX_POINT('',#4640);
#1328=VERTEX_POINT('',#4642);
#1329=VERTEX_POINT('',#4645);
#1330=VERTEX_POINT('',#4648);
#1331=VERTEX_POINT('',#4652);
#1332=VERTEX_POINT('',#4654);
#1333=VERTEX_POINT('',#4658);
#1334=VERTEX_POINT('',#4662);
#1335=VERTEX_POINT('',#4670);
#1336=VERTEX_POINT('',#4672);
#1337=VERTEX_POINT('',#4679);
#1338=VERTEX_POINT('',#4680);
#1339=VERTEX_POINT('',#4682);
#1340=VERTEX_POINT('',#4684);
#1341=VERTEX_POINT('',#4688);
#1342=VERTEX_POINT('',#4689);
#1343=VERTEX_POINT('',#4694);
#1344=VERTEX_POINT('',#4698);
#1345=VERTEX_POINT('',#4704);
#1346=VERTEX_POINT('',#4705);
#1347=VERTEX_POINT('',#4707);
#1348=VERTEX_POINT('',#4709);
#1349=VERTEX_POINT('',#4713);
#1350=VERTEX_POINT('',#4715);
#1351=VERTEX_POINT('',#4719);
#1352=VERTEX_POINT('',#4721);
#1353=EDGE_CURVE('',#1137,#1138,#705,.T.);
#1354=EDGE_CURVE('',#1138,#1139,#706,.T.);
#1355=EDGE_CURVE('',#1140,#1139,#707,.T.);
#1356=EDGE_CURVE('',#1137,#1140,#708,.T.);
#1357=EDGE_CURVE('',#1141,#1137,#709,.T.);
#1358=EDGE_CURVE('',#1142,#1140,#710,.T.);
#1359=EDGE_CURVE('',#1141,#1142,#711,.T.);
#1360=EDGE_CURVE('',#1143,#1141,#712,.T.);
#1361=EDGE_CURVE('',#1144,#1142,#713,.T.);
#1362=EDGE_CURVE('',#1143,#1144,#714,.T.);
#1363=EDGE_CURVE('',#1138,#1143,#715,.T.);
#1364=EDGE_CURVE('',#1139,#1144,#716,.T.);
#1365=EDGE_CURVE('',#1145,#1145,#121,.T.);
#1366=EDGE_CURVE('',#1145,#1146,#717,.T.);
#1367=EDGE_CURVE('',#1146,#1146,#122,.T.);
#1368=EDGE_CURVE('',#1147,#1148,#718,.T.);
#1369=EDGE_CURVE('',#1148,#1149,#719,.T.);
#1370=EDGE_CURVE('',#1150,#1149,#720,.T.);
#1371=EDGE_CURVE('',#1147,#1150,#721,.T.);
#1372=EDGE_CURVE('',#1151,#1147,#722,.T.);
#1373=EDGE_CURVE('',#1152,#1150,#723,.T.);
#1374=EDGE_CURVE('',#1151,#1152,#724,.T.);
#1375=EDGE_CURVE('',#1153,#1151,#123,.T.);
#1376=EDGE_CURVE('',#1154,#1152,#124,.T.);
#1377=EDGE_CURVE('',#1153,#1154,#725,.T.);
#1378=EDGE_CURVE('',#1148,#1153,#726,.T.);
#1379=EDGE_CURVE('',#1149,#1154,#727,.T.);
#1380=EDGE_CURVE('',#1155,#1155,#125,.T.);
#1381=EDGE_CURVE('',#1155,#1156,#728,.T.);
#1382=EDGE_CURVE('',#1156,#1156,#126,.T.);
#1383=EDGE_CURVE('',#1157,#1158,#729,.T.);
#1384=EDGE_CURVE('',#1157,#1159,#730,.T.);
#1385=EDGE_CURVE('',#1159,#1160,#731,.T.);
#1386=EDGE_CURVE('',#1160,#1158,#127,.T.);
#1387=EDGE_CURVE('',#1161,#1161,#128,.T.);
#1388=EDGE_CURVE('',#1160,#1162,#732,.T.);
#1389=EDGE_CURVE('',#1163,#1162,#129,.T.);
#1390=EDGE_CURVE('',#1158,#1163,#733,.T.);
#1391=EDGE_CURVE('',#1164,#1164,#130,.T.);
#1392=EDGE_CURVE('',#1164,#1161,#734,.T.);
#1393=EDGE_CURVE('',#1162,#1165,#735,.T.);
#1394=EDGE_CURVE('',#1166,#1165,#736,.T.);
#1395=EDGE_CURVE('',#1163,#1166,#737,.T.);
#1396=EDGE_CURVE('',#1166,#1157,#131,.T.);
#1397=EDGE_CURVE('',#1167,#1167,#132,.T.);
#1398=EDGE_CURVE('',#1168,#1168,#133,.T.);
#1399=EDGE_CURVE('',#1168,#1167,#738,.T.);
#1400=EDGE_CURVE('',#1159,#1165,#134,.T.);
#1401=EDGE_CURVE('',#1169,#1169,#135,.T.);
#1402=EDGE_CURVE('',#1169,#1170,#739,.T.);
#1403=EDGE_CURVE('',#1170,#1170,#136,.T.);
#1404=EDGE_CURVE('',#1171,#1172,#137,.T.);
#1405=EDGE_CURVE('',#1172,#1173,#740,.T.);
#1406=EDGE_CURVE('',#1173,#1174,#138,.F.);
#1407=EDGE_CURVE('',#1174,#1171,#741,.T.);
#1408=EDGE_CURVE('',#1171,#1175,#742,.T.);
#1409=EDGE_CURVE('',#1175,#1176,#139,.T.);
#1410=EDGE_CURVE('',#1177,#1176,#140,.T.);
#1411=EDGE_CURVE('',#1177,#1178,#743,.T.);
#1412=EDGE_CURVE('',#1179,#1178,#141,.T.);
#1413=EDGE_CURVE('',#1179,#1180,#744,.T.);
#1414=EDGE_CURVE('',#1181,#1180,#142,.T.);
#1415=EDGE_CURVE('',#1181,#1172,#745,.T.);
#1416=EDGE_CURVE('',#1174,#1182,#746,.T.);
#1417=EDGE_CURVE('',#1175,#1182,#747,.T.);
#1418=EDGE_CURVE('',#1183,#1181,#748,.T.);
#1419=EDGE_CURVE('',#1184,#1183,#749,.T.);
#1420=EDGE_CURVE('',#1184,#1185,#750,.T.);
#1421=EDGE_CURVE('',#1186,#1185,#751,.T.);
#1422=EDGE_CURVE('',#1187,#1186,#752,.T.);
#1423=EDGE_CURVE('',#1173,#1187,#753,.T.);
#1424=EDGE_CURVE('',#1178,#1188,#754,.T.);
#1425=EDGE_CURVE('',#1188,#1189,#143,.F.);
#1426=EDGE_CURVE('',#1189,#1179,#755,.T.);
#1427=EDGE_CURVE('',#1189,#1190,#756,.T.);
#1428=EDGE_CURVE('',#1180,#1190,#757,.T.);
#1429=EDGE_CURVE('',#1190,#1183,#144,.F.);
#1430=EDGE_CURVE('',#1191,#1177,#758,.T.);
#1431=EDGE_CURVE('',#1192,#1191,#759,.T.);
#1432=EDGE_CURVE('',#1192,#1193,#760,.T.);
#1433=EDGE_CURVE('',#1194,#1193,#761,.T.);
#1434=EDGE_CURVE('',#1195,#1194,#762,.T.);
#1435=EDGE_CURVE('',#1188,#1195,#763,.T.);
#1436=EDGE_CURVE('',#1176,#1196,#764,.T.);
#1437=EDGE_CURVE('',#1191,#1196,#145,.T.);
#1438=EDGE_CURVE('',#1196,#1182,#146,.T.);
#1439=EDGE_CURVE('',#1184,#1195,#147,.T.);
#1440=EDGE_CURVE('',#1192,#1187,#148,.T.);
#1441=EDGE_CURVE('',#1185,#1194,#149,.T.);
#1442=EDGE_CURVE('',#1193,#1186,#150,.T.);
#1443=EDGE_CURVE('',#1197,#1197,#151,.T.);
#1444=EDGE_CURVE('',#1197,#1198,#765,.T.);
#1445=EDGE_CURVE('',#1198,#1198,#152,.T.);
#1446=EDGE_CURVE('',#1199,#1200,#766,.T.);
#1447=EDGE_CURVE('',#1201,#1199,#767,.T.);
#1448=EDGE_CURVE('',#1201,#1202,#768,.T.);
#1449=EDGE_CURVE('',#1203,#1202,#769,.T.);
#1450=EDGE_CURVE('',#1204,#1203,#770,.T.);
#1451=EDGE_CURVE('',#1204,#1205,#771,.T.);
#1452=EDGE_CURVE('',#1206,#1205,#772,.T.);
#1453=EDGE_CURVE('',#1207,#1206,#773,.T.);
#1454=EDGE_CURVE('',#1207,#1208,#774,.T.);
#1455=EDGE_CURVE('',#1200,#1208,#775,.T.);
#1456=EDGE_CURVE('',#1200,#1209,#153,.T.);
#1457=EDGE_CURVE('',#1209,#1210,#776,.T.);
#1458=EDGE_CURVE('',#1210,#1199,#154,.F.);
#1459=EDGE_CURVE('',#1208,#1211,#155,.T.);
#1460=EDGE_CURVE('',#1211,#1209,#777,.T.);
#1461=EDGE_CURVE('',#1212,#1211,#778,.T.);
#1462=EDGE_CURVE('',#1213,#1212,#779,.T.);
#1463=EDGE_CURVE('',#1214,#1213,#780,.T.);
#1464=EDGE_CURVE('',#1214,#1215,#781,.T.);
#1465=EDGE_CURVE('',#1215,#1216,#782,.T.);
#1466=EDGE_CURVE('',#1217,#1216,#783,.T.);
#1467=EDGE_CURVE('',#1218,#1217,#784,.T.);
#1468=EDGE_CURVE('',#1210,#1218,#785,.T.);
#1469=EDGE_CURVE('',#1205,#1214,#156,.F.);
#1470=EDGE_CURVE('',#1213,#1206,#157,.F.);
#1471=EDGE_CURVE('',#1212,#1207,#158,.T.);
#1472=EDGE_CURVE('',#1215,#1204,#159,.T.);
#1473=EDGE_CURVE('',#1216,#1203,#160,.T.);
#1474=EDGE_CURVE('',#1218,#1201,#161,.T.);
#1475=EDGE_CURVE('',#1202,#1217,#162,.T.);
#1476=EDGE_CURVE('',#1219,#1219,#163,.T.);
#1477=EDGE_CURVE('',#1219,#1220,#786,.T.);
#1478=EDGE_CURVE('',#1220,#1220,#164,.T.);
#1479=EDGE_CURVE('',#1221,#1222,#165,.T.);
#1480=EDGE_CURVE('',#1222,#1223,#787,.T.);
#1481=EDGE_CURVE('',#1223,#1224,#166,.T.);
#1482=EDGE_CURVE('',#1224,#1221,#788,.T.);
#1483=EDGE_CURVE('',#1225,#1225,#167,.T.);
#1484=EDGE_CURVE('',#1226,#1226,#168,.T.);
#1485=EDGE_CURVE('',#1226,#1225,#789,.T.);
#1486=EDGE_CURVE('',#1227,#1222,#790,.T.);
#1487=EDGE_CURVE('',#1228,#1227,#791,.T.);
#1488=EDGE_CURVE('',#1223,#1228,#792,.T.);
#1489=EDGE_CURVE('',#1229,#1228,#169,.T.);
#1490=EDGE_CURVE('',#1224,#1229,#793,.T.);
#1491=EDGE_CURVE('',#1230,#1229,#794,.T.);
#1492=EDGE_CURVE('',#1221,#1230,#795,.T.);
#1493=EDGE_CURVE('',#1227,#1230,#170,.T.);
#1494=EDGE_CURVE('',#1231,#1231,#171,.T.);
#1495=EDGE_CURVE('',#1231,#1232,#796,.T.);
#1496=EDGE_CURVE('',#1232,#1232,#172,.T.);
#1497=EDGE_CURVE('',#1233,#1234,#173,.T.);
#1498=EDGE_CURVE('',#1233,#1235,#797,.T.);
#1499=EDGE_CURVE('',#1236,#1235,#174,.T.);
#1500=EDGE_CURVE('',#1236,#1234,#798,.T.);
#1501=EDGE_CURVE('',#1237,#1238,#799,.T.);
#1502=EDGE_CURVE('',#1237,#1234,#800,.T.);
#1503=EDGE_CURVE('',#1238,#1236,#801,.T.);
#1504=EDGE_CURVE('',#1238,#1239,#802,.T.);
#1505=EDGE_CURVE('',#1239,#1235,#803,.T.);
#1506=EDGE_CURVE('',#1239,#1240,#804,.T.);
#1507=EDGE_CURVE('',#1240,#1233,#805,.T.);
#1508=EDGE_CURVE('',#1240,#1237,#806,.T.);
#1509=EDGE_CURVE('',#1241,#1242,#807,.T.);
#1510=EDGE_CURVE('',#1241,#1243,#808,.T.);
#1511=EDGE_CURVE('',#1244,#1243,#809,.T.);
#1512=EDGE_CURVE('',#1242,#1244,#810,.T.);
#1513=EDGE_CURVE('',#1242,#1245,#811,.T.);
#1514=EDGE_CURVE('',#1246,#1244,#812,.T.);
#1515=EDGE_CURVE('',#1245,#1246,#813,.T.);
#1516=EDGE_CURVE('',#1245,#1247,#814,.T.);
#1517=EDGE_CURVE('',#1248,#1246,#815,.T.);
#1518=EDGE_CURVE('',#1247,#1248,#816,.T.);
#1519=EDGE_CURVE('',#1247,#1241,#817,.T.);
#1520=EDGE_CURVE('',#1243,#1248,#818,.T.);
#1521=EDGE_CURVE('',#1249,#1249,#175,.T.);
#1522=EDGE_CURVE('',#1249,#1250,#819,.T.);
#1523=EDGE_CURVE('',#1250,#1250,#176,.T.);
#1524=EDGE_CURVE('',#1251,#1252,#820,.T.);
#1525=EDGE_CURVE('',#1251,#1253,#821,.T.);
#1526=EDGE_CURVE('',#1253,#1254,#822,.T.);
#1527=EDGE_CURVE('',#1252,#1254,#823,.T.);
#1528=EDGE_CURVE('',#1255,#1251,#824,.T.);
#1529=EDGE_CURVE('',#1255,#1256,#825,.T.);
#1530=EDGE_CURVE('',#1256,#1253,#826,.T.);
#1531=EDGE_CURVE('',#1257,#1255,#177,.T.);
#1532=EDGE_CURVE('',#1257,#1258,#827,.T.);
#1533=EDGE_CURVE('',#1258,#1256,#178,.T.);
#1534=EDGE_CURVE('',#1252,#1257,#828,.T.);
#1535=EDGE_CURVE('',#1254,#1258,#829,.T.);
#1536=EDGE_CURVE('',#1259,#1259,#179,.T.);
#1537=EDGE_CURVE('',#1259,#1260,#830,.T.);
#1538=EDGE_CURVE('',#1260,#1260,#180,.T.);
#1539=EDGE_CURVE('',#1261,#1262,#831,.T.);
#1540=EDGE_CURVE('',#1263,#1262,#181,.T.);
#1541=EDGE_CURVE('',#1264,#1263,#832,.T.);
#1542=EDGE_CURVE('',#1261,#1264,#833,.T.);
#1543=EDGE_CURVE('',#1265,#1265,#182,.T.);
#1544=EDGE_CURVE('',#1262,#1266,#834,.T.);
#1545=EDGE_CURVE('',#1266,#1267,#183,.T.);
#1546=EDGE_CURVE('',#1263,#1267,#835,.T.);
#1547=EDGE_CURVE('',#1268,#1268,#184,.T.);
#1548=EDGE_CURVE('',#1268,#1265,#836,.T.);
#1549=EDGE_CURVE('',#1266,#1269,#837,.T.);
#1550=EDGE_CURVE('',#1269,#1270,#838,.T.);
#1551=EDGE_CURVE('',#1267,#1270,#839,.T.);
#1552=EDGE_CURVE('',#1269,#1261,#185,.T.);
#1553=EDGE_CURVE('',#1271,#1271,#186,.T.);
#1554=EDGE_CURVE('',#1272,#1272,#187,.T.);
#1555=EDGE_CURVE('',#1272,#1271,#840,.T.);
#1556=EDGE_CURVE('',#1264,#1270,#188,.T.);
#1557=EDGE_CURVE('',#1273,#1273,#189,.T.);
#1558=EDGE_CURVE('',#1273,#1274,#841,.T.);
#1559=EDGE_CURVE('',#1274,#1274,#190,.T.);
#1560=EDGE_CURVE('',#1275,#1276,#191,.T.);
#1561=EDGE_CURVE('',#1277,#1275,#842,.T.);
#1562=EDGE_CURVE('',#1278,#1277,#192,.F.);
#1563=EDGE_CURVE('',#1276,#1278,#843,.T.);
#1564=EDGE_CURVE('',#1279,#1276,#844,.T.);
#1565=EDGE_CURVE('',#1279,#1280,#193,.T.);
#1566=EDGE_CURVE('',#1281,#1280,#845,.T.);
#1567=EDGE_CURVE('',#1281,#1282,#194,.T.);
#1568=EDGE_CURVE('',#1283,#1282,#846,.T.);
#1569=EDGE_CURVE('',#1283,#1284,#195,.T.);
#1570=EDGE_CURVE('',#1285,#1284,#196,.T.);
#1571=EDGE_CURVE('',#1275,#1285,#847,.T.);
#1572=EDGE_CURVE('',#1285,#1286,#848,.T.);
#1573=EDGE_CURVE('',#1277,#1286,#849,.T.);
#1574=EDGE_CURVE('',#1278,#1287,#850,.T.);
#1575=EDGE_CURVE('',#1287,#1288,#851,.T.);
#1576=EDGE_CURVE('',#1288,#1289,#852,.T.);
#1577=EDGE_CURVE('',#1290,#1289,#853,.T.);
#1578=EDGE_CURVE('',#1290,#1291,#854,.T.);
#1579=EDGE_CURVE('',#1291,#1279,#855,.T.);
#1580=EDGE_CURVE('',#1292,#1281,#856,.T.);
#1581=EDGE_CURVE('',#1293,#1292,#197,.F.);
#1582=EDGE_CURVE('',#1282,#1293,#857,.T.);
#1583=EDGE_CURVE('',#1280,#1294,#858,.T.);
#1584=EDGE_CURVE('',#1292,#1294,#859,.T.);
#1585=EDGE_CURVE('',#1294,#1291,#198,.F.);
#1586=EDGE_CURVE('',#1293,#1295,#860,.T.);
#1587=EDGE_CURVE('',#1295,#1296,#861,.T.);
#1588=EDGE_CURVE('',#1296,#1297,#862,.T.);
#1589=EDGE_CURVE('',#1298,#1297,#863,.T.);
#1590=EDGE_CURVE('',#1298,#1299,#864,.T.);
#1591=EDGE_CURVE('',#1299,#1283,#865,.T.);
#1592=EDGE_CURVE('',#1299,#1300,#199,.T.);
#1593=EDGE_CURVE('',#1284,#1300,#866,.T.);
#1594=EDGE_CURVE('',#1300,#1286,#200,.T.);
#1595=EDGE_CURVE('',#1290,#1295,#201,.T.);
#1596=EDGE_CURVE('',#1298,#1287,#202,.T.);
#1597=EDGE_CURVE('',#1289,#1296,#203,.T.);
#1598=EDGE_CURVE('',#1297,#1288,#204,.T.);
#1599=EDGE_CURVE('',#1301,#1301,#205,.T.);
#1600=EDGE_CURVE('',#1301,#1302,#867,.T.);
#1601=EDGE_CURVE('',#1302,#1302,#206,.T.);
#1602=EDGE_CURVE('',#1303,#1304,#868,.T.);
#1603=EDGE_CURVE('',#1304,#1305,#869,.T.);
#1604=EDGE_CURVE('',#1306,#1305,#870,.T.);
#1605=EDGE_CURVE('',#1306,#1307,#871,.T.);
#1606=EDGE_CURVE('',#1307,#1308,#872,.T.);
#1607=EDGE_CURVE('',#1309,#1308,#873,.T.);
#1608=EDGE_CURVE('',#1309,#1310,#874,.T.);
#1609=EDGE_CURVE('',#1310,#1311,#875,.T.);
#1610=EDGE_CURVE('',#1312,#1311,#876,.T.);
#1611=EDGE_CURVE('',#1312,#1303,#877,.T.);
#1612=EDGE_CURVE('',#1304,#1313,#207,.T.);
#1613=EDGE_CURVE('',#1314,#1303,#208,.F.);
#1614=EDGE_CURVE('',#1313,#1314,#878,.T.);
#1615=EDGE_CURVE('',#1315,#1313,#879,.T.);
#1616=EDGE_CURVE('',#1305,#1315,#209,.T.);
#1617=EDGE_CURVE('',#1314,#1316,#880,.T.);
#1618=EDGE_CURVE('',#1316,#1317,#881,.T.);
#1619=EDGE_CURVE('',#1317,#1318,#882,.T.);
#1620=EDGE_CURVE('',#1319,#1318,#883,.T.);
#1621=EDGE_CURVE('',#1320,#1319,#884,.T.);
#1622=EDGE_CURVE('',#1320,#1321,#885,.T.);
#1623=EDGE_CURVE('',#1321,#1322,#886,.T.);
#1624=EDGE_CURVE('',#1322,#1315,#887,.T.);
#1625=EDGE_CURVE('',#1308,#1320,#210,.F.);
#1626=EDGE_CURVE('',#1321,#1307,#211,.F.);
#1627=EDGE_CURVE('',#1322,#1306,#212,.T.);
#1628=EDGE_CURVE('',#1319,#1309,#213,.T.);
#1629=EDGE_CURVE('',#1318,#1310,#214,.T.);
#1630=EDGE_CURVE('',#1316,#1312,#215,.T.);
#1631=EDGE_CURVE('',#1311,#1317,#216,.T.);
#1632=EDGE_CURVE('',#1323,#1323,#217,.T.);
#1633=EDGE_CURVE('',#1323,#1324,#888,.T.);
#1634=EDGE_CURVE('',#1324,#1324,#218,.T.);
#1635=EDGE_CURVE('',#1325,#1326,#219,.T.);
#1636=EDGE_CURVE('',#1327,#1325,#889,.T.);
#1637=EDGE_CURVE('',#1328,#1327,#220,.T.);
#1638=EDGE_CURVE('',#1326,#1328,#890,.T.);
#1639=EDGE_CURVE('',#1329,#1329,#221,.T.);
#1640=EDGE_CURVE('',#1330,#1330,#222,.T.);
#1641=EDGE_CURVE('',#1330,#1329,#891,.T.);
#1642=EDGE_CURVE('',#1331,#1326,#892,.T.);
#1643=EDGE_CURVE('',#1328,#1332,#893,.T.);
#1644=EDGE_CURVE('',#1332,#1331,#894,.T.);
#1645=EDGE_CURVE('',#1327,#1333,#895,.T.);
#1646=EDGE_CURVE('',#1333,#1332,#223,.T.);
#1647=EDGE_CURVE('',#1325,#1334,#896,.T.);
#1648=EDGE_CURVE('',#1334,#1333,#897,.T.);
#1649=EDGE_CURVE('',#1331,#1334,#224,.T.);
#1650=EDGE_CURVE('',#1335,#1335,#225,.T.);
#1651=EDGE_CURVE('',#1335,#1336,#898,.T.);
#1652=EDGE_CURVE('',#1336,#1336,#226,.T.);
#1653=EDGE_CURVE('',#1337,#1338,#227,.T.);
#1654=EDGE_CURVE('',#1339,#1338,#899,.T.);
#1655=EDGE_CURVE('',#1339,#1340,#228,.T.);
#1656=EDGE_CURVE('',#1337,#1340,#900,.T.);
#1657=EDGE_CURVE('',#1341,#1342,#901,.T.);
#1658=EDGE_CURVE('',#1342,#1339,#902,.T.);
#1659=EDGE_CURVE('',#1341,#1338,#903,.T.);
#1660=EDGE_CURVE('',#1342,#1343,#904,.T.);
#1661=EDGE_CURVE('',#1343,#1340,#905,.T.);
#1662=EDGE_CURVE('',#1343,#1344,#906,.T.);
#1663=EDGE_CURVE('',#1344,#1337,#907,.T.);
#1664=EDGE_CURVE('',#1344,#1341,#908,.T.);
#1665=EDGE_CURVE('',#1345,#1346,#909,.T.);
#1666=EDGE_CURVE('',#1346,#1347,#910,.T.);
#1667=EDGE_CURVE('',#1347,#1348,#911,.T.);
#1668=EDGE_CURVE('',#1345,#1348,#912,.T.);
#1669=EDGE_CURVE('',#1346,#1349,#913,.T.);
#1670=EDGE_CURVE('',#1349,#1350,#914,.T.);
#1671=EDGE_CURVE('',#1350,#1347,#915,.T.);
#1672=EDGE_CURVE('',#1349,#1351,#916,.T.);
#1673=EDGE_CURVE('',#1351,#1352,#917,.T.);
#1674=EDGE_CURVE('',#1352,#1350,#918,.T.);
#1675=EDGE_CURVE('',#1351,#1345,#919,.T.);
#1676=EDGE_CURVE('',#1348,#1352,#920,.T.);
#1677=ORIENTED_EDGE('',*,*,#1353,.T.);
#1678=ORIENTED_EDGE('',*,*,#1354,.T.);
#1679=ORIENTED_EDGE('',*,*,#1355,.F.);
#1680=ORIENTED_EDGE('',*,*,#1356,.F.);
#1681=ORIENTED_EDGE('',*,*,#1357,.T.);
#1682=ORIENTED_EDGE('',*,*,#1356,.T.);
#1683=ORIENTED_EDGE('',*,*,#1358,.F.);
#1684=ORIENTED_EDGE('',*,*,#1359,.F.);
#1685=ORIENTED_EDGE('',*,*,#1360,.T.);
#1686=ORIENTED_EDGE('',*,*,#1359,.T.);
#1687=ORIENTED_EDGE('',*,*,#1361,.F.);
#1688=ORIENTED_EDGE('',*,*,#1362,.F.);
#1689=ORIENTED_EDGE('',*,*,#1363,.T.);
#1690=ORIENTED_EDGE('',*,*,#1362,.T.);
#1691=ORIENTED_EDGE('',*,*,#1364,.F.);
#1692=ORIENTED_EDGE('',*,*,#1354,.F.);
#1693=ORIENTED_EDGE('',*,*,#1364,.T.);
#1694=ORIENTED_EDGE('',*,*,#1361,.T.);
#1695=ORIENTED_EDGE('',*,*,#1358,.T.);
#1696=ORIENTED_EDGE('',*,*,#1355,.T.);
#1697=ORIENTED_EDGE('',*,*,#1363,.F.);
#1698=ORIENTED_EDGE('',*,*,#1353,.F.);
#1699=ORIENTED_EDGE('',*,*,#1357,.F.);
#1700=ORIENTED_EDGE('',*,*,#1360,.F.);
#1701=ORIENTED_EDGE('',*,*,#1365,.F.);
#1702=ORIENTED_EDGE('',*,*,#1366,.T.);
#1703=ORIENTED_EDGE('',*,*,#1367,.T.);
#1704=ORIENTED_EDGE('',*,*,#1366,.F.);
#1705=ORIENTED_EDGE('',*,*,#1368,.T.);
#1706=ORIENTED_EDGE('',*,*,#1369,.T.);
#1707=ORIENTED_EDGE('',*,*,#1370,.F.);
#1708=ORIENTED_EDGE('',*,*,#1371,.F.);
#1709=ORIENTED_EDGE('',*,*,#1372,.T.);
#1710=ORIENTED_EDGE('',*,*,#1371,.T.);
#1711=ORIENTED_EDGE('',*,*,#1373,.F.);
#1712=ORIENTED_EDGE('',*,*,#1374,.F.);
#1713=ORIENTED_EDGE('',*,*,#1375,.T.);
#1714=ORIENTED_EDGE('',*,*,#1374,.T.);
#1715=ORIENTED_EDGE('',*,*,#1376,.F.);
#1716=ORIENTED_EDGE('',*,*,#1377,.F.);
#1717=ORIENTED_EDGE('',*,*,#1378,.T.);
#1718=ORIENTED_EDGE('',*,*,#1377,.T.);
#1719=ORIENTED_EDGE('',*,*,#1379,.F.);
#1720=ORIENTED_EDGE('',*,*,#1369,.F.);
#1721=ORIENTED_EDGE('',*,*,#1379,.T.);
#1722=ORIENTED_EDGE('',*,*,#1376,.T.);
#1723=ORIENTED_EDGE('',*,*,#1373,.T.);
#1724=ORIENTED_EDGE('',*,*,#1370,.T.);
#1725=ORIENTED_EDGE('',*,*,#1365,.T.);
#1726=ORIENTED_EDGE('',*,*,#1378,.F.);
#1727=ORIENTED_EDGE('',*,*,#1368,.F.);
#1728=ORIENTED_EDGE('',*,*,#1372,.F.);
#1729=ORIENTED_EDGE('',*,*,#1375,.F.);
#1730=ORIENTED_EDGE('',*,*,#1367,.F.);
#1731=ORIENTED_EDGE('',*,*,#1380,.F.);
#1732=ORIENTED_EDGE('',*,*,#1381,.T.);
#1733=ORIENTED_EDGE('',*,*,#1382,.T.);
#1734=ORIENTED_EDGE('',*,*,#1381,.F.);
#1735=ORIENTED_EDGE('',*,*,#1380,.T.);
#1736=ORIENTED_EDGE('',*,*,#1382,.F.);
#1737=ORIENTED_EDGE('',*,*,#1383,.F.);
#1738=ORIENTED_EDGE('',*,*,#1384,.T.);
#1739=ORIENTED_EDGE('',*,*,#1385,.T.);
#1740=ORIENTED_EDGE('',*,*,#1386,.T.);
#1741=ORIENTED_EDGE('',*,*,#1387,.F.);
#1742=ORIENTED_EDGE('',*,*,#1386,.F.);
#1743=ORIENTED_EDGE('',*,*,#1388,.T.);
#1744=ORIENTED_EDGE('',*,*,#1389,.F.);
#1745=ORIENTED_EDGE('',*,*,#1390,.F.);
#1746=ORIENTED_EDGE('',*,*,#1391,.F.);
#1747=ORIENTED_EDGE('',*,*,#1392,.T.);
#1748=ORIENTED_EDGE('',*,*,#1387,.T.);
#1749=ORIENTED_EDGE('',*,*,#1392,.F.);
#1750=ORIENTED_EDGE('',*,*,#1389,.T.);
#1751=ORIENTED_EDGE('',*,*,#1393,.T.);
#1752=ORIENTED_EDGE('',*,*,#1394,.F.);
#1753=ORIENTED_EDGE('',*,*,#1395,.F.);
#1754=ORIENTED_EDGE('',*,*,#1391,.T.);
#1755=ORIENTED_EDGE('',*,*,#1396,.T.);
#1756=ORIENTED_EDGE('',*,*,#1383,.T.);
#1757=ORIENTED_EDGE('',*,*,#1390,.T.);
#1758=ORIENTED_EDGE('',*,*,#1395,.T.);
#1759=ORIENTED_EDGE('',*,*,#1397,.T.);
#1760=ORIENTED_EDGE('',*,*,#1398,.F.);
#1761=ORIENTED_EDGE('',*,*,#1399,.T.);
#1762=ORIENTED_EDGE('',*,*,#1397,.F.);
#1763=ORIENTED_EDGE('',*,*,#1399,.F.);
#1764=ORIENTED_EDGE('',*,*,#1394,.T.);
#1765=ORIENTED_EDGE('',*,*,#1400,.F.);
#1766=ORIENTED_EDGE('',*,*,#1384,.F.);
#1767=ORIENTED_EDGE('',*,*,#1396,.F.);
#1768=ORIENTED_EDGE('',*,*,#1400,.T.);
#1769=ORIENTED_EDGE('',*,*,#1393,.F.);
#1770=ORIENTED_EDGE('',*,*,#1388,.F.);
#1771=ORIENTED_EDGE('',*,*,#1385,.F.);
#1772=ORIENTED_EDGE('',*,*,#1398,.T.);
#1773=ORIENTED_EDGE('',*,*,#1401,.F.);
#1774=ORIENTED_EDGE('',*,*,#1402,.T.);
#1775=ORIENTED_EDGE('',*,*,#1403,.T.);
#1776=ORIENTED_EDGE('',*,*,#1402,.F.);
#1777=ORIENTED_EDGE('',*,*,#1401,.T.);
#1778=ORIENTED_EDGE('',*,*,#1403,.F.);
#1779=ORIENTED_EDGE('',*,*,#1404,.T.);
#1780=ORIENTED_EDGE('',*,*,#1405,.T.);
#1781=ORIENTED_EDGE('',*,*,#1406,.T.);
#1782=ORIENTED_EDGE('',*,*,#1407,.T.);
#1783=ORIENTED_EDGE('',*,*,#1404,.F.);
#1784=ORIENTED_EDGE('',*,*,#1408,.T.);
#1785=ORIENTED_EDGE('',*,*,#1409,.T.);
#1786=ORIENTED_EDGE('',*,*,#1410,.F.);
#1787=ORIENTED_EDGE('',*,*,#1411,.T.);
#1788=ORIENTED_EDGE('',*,*,#1412,.F.);
#1789=ORIENTED_EDGE('',*,*,#1413,.T.);
#1790=ORIENTED_EDGE('',*,*,#1414,.F.);
#1791=ORIENTED_EDGE('',*,*,#1415,.T.);
#1792=ORIENTED_EDGE('',*,*,#1407,.F.);
#1793=ORIENTED_EDGE('',*,*,#1416,.T.);
#1794=ORIENTED_EDGE('',*,*,#1417,.F.);
#1795=ORIENTED_EDGE('',*,*,#1408,.F.);
#1796=ORIENTED_EDGE('',*,*,#1405,.F.);
#1797=ORIENTED_EDGE('',*,*,#1415,.F.);
#1798=ORIENTED_EDGE('',*,*,#1418,.F.);
#1799=ORIENTED_EDGE('',*,*,#1419,.F.);
#1800=ORIENTED_EDGE('',*,*,#1420,.T.);
#1801=ORIENTED_EDGE('',*,*,#1421,.F.);
#1802=ORIENTED_EDGE('',*,*,#1422,.F.);
#1803=ORIENTED_EDGE('',*,*,#1423,.F.);
#1804=ORIENTED_EDGE('',*,*,#1412,.T.);
#1805=ORIENTED_EDGE('',*,*,#1424,.T.);
#1806=ORIENTED_EDGE('',*,*,#1425,.T.);
#1807=ORIENTED_EDGE('',*,*,#1426,.T.);
#1808=ORIENTED_EDGE('',*,*,#1426,.F.);
#1809=ORIENTED_EDGE('',*,*,#1427,.T.);
#1810=ORIENTED_EDGE('',*,*,#1428,.F.);
#1811=ORIENTED_EDGE('',*,*,#1413,.F.);
#1812=ORIENTED_EDGE('',*,*,#1414,.T.);
#1813=ORIENTED_EDGE('',*,*,#1428,.T.);
#1814=ORIENTED_EDGE('',*,*,#1429,.T.);
#1815=ORIENTED_EDGE('',*,*,#1418,.T.);
#1816=ORIENTED_EDGE('',*,*,#1424,.F.);
#1817=ORIENTED_EDGE('',*,*,#1411,.F.);
#1818=ORIENTED_EDGE('',*,*,#1430,.F.);
#1819=ORIENTED_EDGE('',*,*,#1431,.F.);
#1820=ORIENTED_EDGE('',*,*,#1432,.T.);
#1821=ORIENTED_EDGE('',*,*,#1433,.F.);
#1822=ORIENTED_EDGE('',*,*,#1434,.F.);
#1823=ORIENTED_EDGE('',*,*,#1435,.F.);
#1824=ORIENTED_EDGE('',*,*,#1410,.T.);
#1825=ORIENTED_EDGE('',*,*,#1436,.T.);
#1826=ORIENTED_EDGE('',*,*,#1437,.F.);
#1827=ORIENTED_EDGE('',*,*,#1430,.T.);
#1828=ORIENTED_EDGE('',*,*,#1417,.T.);
#1829=ORIENTED_EDGE('',*,*,#1438,.F.);
#1830=ORIENTED_EDGE('',*,*,#1436,.F.);
#1831=ORIENTED_EDGE('',*,*,#1409,.F.);
#1832=ORIENTED_EDGE('',*,*,#1435,.T.);
#1833=ORIENTED_EDGE('',*,*,#1439,.F.);
#1834=ORIENTED_EDGE('',*,*,#1419,.T.);
#1835=ORIENTED_EDGE('',*,*,#1429,.F.);
#1836=ORIENTED_EDGE('',*,*,#1427,.F.);
#1837=ORIENTED_EDGE('',*,*,#1425,.F.);
#1838=ORIENTED_EDGE('',*,*,#1438,.T.);
#1839=ORIENTED_EDGE('',*,*,#1416,.F.);
#1840=ORIENTED_EDGE('',*,*,#1406,.F.);
#1841=ORIENTED_EDGE('',*,*,#1423,.T.);
#1842=ORIENTED_EDGE('',*,*,#1440,.F.);
#1843=ORIENTED_EDGE('',*,*,#1431,.T.);
#1844=ORIENTED_EDGE('',*,*,#1437,.T.);
#1845=ORIENTED_EDGE('',*,*,#1439,.T.);
#1846=ORIENTED_EDGE('',*,*,#1434,.T.);
#1847=ORIENTED_EDGE('',*,*,#1441,.F.);
#1848=ORIENTED_EDGE('',*,*,#1420,.F.);
#1849=ORIENTED_EDGE('',*,*,#1440,.T.);
#1850=ORIENTED_EDGE('',*,*,#1422,.T.);
#1851=ORIENTED_EDGE('',*,*,#1442,.F.);
#1852=ORIENTED_EDGE('',*,*,#1432,.F.);
#1853=ORIENTED_EDGE('',*,*,#1433,.T.);
#1854=ORIENTED_EDGE('',*,*,#1442,.T.);
#1855=ORIENTED_EDGE('',*,*,#1421,.T.);
#1856=ORIENTED_EDGE('',*,*,#1441,.T.);
#1857=ORIENTED_EDGE('',*,*,#1443,.F.);
#1858=ORIENTED_EDGE('',*,*,#1444,.T.);
#1859=ORIENTED_EDGE('',*,*,#1445,.T.);
#1860=ORIENTED_EDGE('',*,*,#1444,.F.);
#1861=ORIENTED_EDGE('',*,*,#1443,.T.);
#1862=ORIENTED_EDGE('',*,*,#1445,.F.);
#1863=ORIENTED_EDGE('',*,*,#1446,.F.);
#1864=ORIENTED_EDGE('',*,*,#1447,.F.);
#1865=ORIENTED_EDGE('',*,*,#1448,.T.);
#1866=ORIENTED_EDGE('',*,*,#1449,.F.);
#1867=ORIENTED_EDGE('',*,*,#1450,.F.);
#1868=ORIENTED_EDGE('',*,*,#1451,.T.);
#1869=ORIENTED_EDGE('',*,*,#1452,.F.);
#1870=ORIENTED_EDGE('',*,*,#1453,.F.);
#1871=ORIENTED_EDGE('',*,*,#1454,.T.);
#1872=ORIENTED_EDGE('',*,*,#1455,.F.);
#1873=ORIENTED_EDGE('',*,*,#1456,.T.);
#1874=ORIENTED_EDGE('',*,*,#1457,.T.);
#1875=ORIENTED_EDGE('',*,*,#1458,.T.);
#1876=ORIENTED_EDGE('',*,*,#1446,.T.);
#1877=ORIENTED_EDGE('',*,*,#1456,.F.);
#1878=ORIENTED_EDGE('',*,*,#1455,.T.);
#1879=ORIENTED_EDGE('',*,*,#1459,.T.);
#1880=ORIENTED_EDGE('',*,*,#1460,.T.);
#1881=ORIENTED_EDGE('',*,*,#1457,.F.);
#1882=ORIENTED_EDGE('',*,*,#1460,.F.);
#1883=ORIENTED_EDGE('',*,*,#1461,.F.);
#1884=ORIENTED_EDGE('',*,*,#1462,.F.);
#1885=ORIENTED_EDGE('',*,*,#1463,.F.);
#1886=ORIENTED_EDGE('',*,*,#1464,.T.);
#1887=ORIENTED_EDGE('',*,*,#1465,.T.);
#1888=ORIENTED_EDGE('',*,*,#1466,.F.);
#1889=ORIENTED_EDGE('',*,*,#1467,.F.);
#1890=ORIENTED_EDGE('',*,*,#1468,.F.);
#1891=ORIENTED_EDGE('',*,*,#1469,.T.);
#1892=ORIENTED_EDGE('',*,*,#1463,.T.);
#1893=ORIENTED_EDGE('',*,*,#1470,.T.);
#1894=ORIENTED_EDGE('',*,*,#1452,.T.);
#1895=ORIENTED_EDGE('',*,*,#1471,.F.);
#1896=ORIENTED_EDGE('',*,*,#1461,.T.);
#1897=ORIENTED_EDGE('',*,*,#1459,.F.);
#1898=ORIENTED_EDGE('',*,*,#1454,.F.);
#1899=ORIENTED_EDGE('',*,*,#1462,.T.);
#1900=ORIENTED_EDGE('',*,*,#1471,.T.);
#1901=ORIENTED_EDGE('',*,*,#1453,.T.);
#1902=ORIENTED_EDGE('',*,*,#1470,.F.);
#1903=ORIENTED_EDGE('',*,*,#1451,.F.);
#1904=ORIENTED_EDGE('',*,*,#1472,.F.);
#1905=ORIENTED_EDGE('',*,*,#1464,.F.);
#1906=ORIENTED_EDGE('',*,*,#1469,.F.);
#1907=ORIENTED_EDGE('',*,*,#1472,.T.);
#1908=ORIENTED_EDGE('',*,*,#1450,.T.);
#1909=ORIENTED_EDGE('',*,*,#1473,.F.);
#1910=ORIENTED_EDGE('',*,*,#1465,.F.);
#1911=ORIENTED_EDGE('',*,*,#1474,.T.);
#1912=ORIENTED_EDGE('',*,*,#1447,.T.);
#1913=ORIENTED_EDGE('',*,*,#1458,.F.);
#1914=ORIENTED_EDGE('',*,*,#1468,.T.);
#1915=ORIENTED_EDGE('',*,*,#1474,.F.);
#1916=ORIENTED_EDGE('',*,*,#1467,.T.);
#1917=ORIENTED_EDGE('',*,*,#1475,.F.);
#1918=ORIENTED_EDGE('',*,*,#1448,.F.);
#1919=ORIENTED_EDGE('',*,*,#1475,.T.);
#1920=ORIENTED_EDGE('',*,*,#1466,.T.);
#1921=ORIENTED_EDGE('',*,*,#1473,.T.);
#1922=ORIENTED_EDGE('',*,*,#1449,.T.);
#1923=ORIENTED_EDGE('',*,*,#1476,.F.);
#1924=ORIENTED_EDGE('',*,*,#1477,.T.);
#1925=ORIENTED_EDGE('',*,*,#1478,.T.);
#1926=ORIENTED_EDGE('',*,*,#1477,.F.);
#1927=ORIENTED_EDGE('',*,*,#1476,.T.);
#1928=ORIENTED_EDGE('',*,*,#1478,.F.);
#1929=ORIENTED_EDGE('',*,*,#1479,.T.);
#1930=ORIENTED_EDGE('',*,*,#1480,.T.);
#1931=ORIENTED_EDGE('',*,*,#1481,.T.);
#1932=ORIENTED_EDGE('',*,*,#1482,.T.);
#1933=ORIENTED_EDGE('',*,*,#1483,.T.);
#1934=ORIENTED_EDGE('',*,*,#1484,.F.);
#1935=ORIENTED_EDGE('',*,*,#1485,.T.);
#1936=ORIENTED_EDGE('',*,*,#1483,.F.);
#1937=ORIENTED_EDGE('',*,*,#1485,.F.);
#1938=ORIENTED_EDGE('',*,*,#1486,.F.);
#1939=ORIENTED_EDGE('',*,*,#1487,.F.);
#1940=ORIENTED_EDGE('',*,*,#1488,.F.);
#1941=ORIENTED_EDGE('',*,*,#1480,.F.);
#1942=ORIENTED_EDGE('',*,*,#1488,.T.);
#1943=ORIENTED_EDGE('',*,*,#1489,.F.);
#1944=ORIENTED_EDGE('',*,*,#1490,.F.);
#1945=ORIENTED_EDGE('',*,*,#1481,.F.);
#1946=ORIENTED_EDGE('',*,*,#1490,.T.);
#1947=ORIENTED_EDGE('',*,*,#1491,.F.);
#1948=ORIENTED_EDGE('',*,*,#1492,.F.);
#1949=ORIENTED_EDGE('',*,*,#1482,.F.);
#1950=ORIENTED_EDGE('',*,*,#1492,.T.);
#1951=ORIENTED_EDGE('',*,*,#1493,.F.);
#1952=ORIENTED_EDGE('',*,*,#1486,.T.);
#1953=ORIENTED_EDGE('',*,*,#1479,.F.);
#1954=ORIENTED_EDGE('',*,*,#1493,.T.);
#1955=ORIENTED_EDGE('',*,*,#1491,.T.);
#1956=ORIENTED_EDGE('',*,*,#1489,.T.);
#1957=ORIENTED_EDGE('',*,*,#1487,.T.);
#1958=ORIENTED_EDGE('',*,*,#1484,.T.);
#1959=ORIENTED_EDGE('',*,*,#1494,.F.);
#1960=ORIENTED_EDGE('',*,*,#1495,.T.);
#1961=ORIENTED_EDGE('',*,*,#1496,.T.);
#1962=ORIENTED_EDGE('',*,*,#1495,.F.);
#1963=ORIENTED_EDGE('',*,*,#1494,.T.);
#1964=ORIENTED_EDGE('',*,*,#1496,.F.);
#1965=ORIENTED_EDGE('',*,*,#1497,.F.);
#1966=ORIENTED_EDGE('',*,*,#1498,.T.);
#1967=ORIENTED_EDGE('',*,*,#1499,.F.);
#1968=ORIENTED_EDGE('',*,*,#1500,.T.);
#1969=ORIENTED_EDGE('',*,*,#1501,.F.);
#1970=ORIENTED_EDGE('',*,*,#1502,.T.);
#1971=ORIENTED_EDGE('',*,*,#1500,.F.);
#1972=ORIENTED_EDGE('',*,*,#1503,.F.);
#1973=ORIENTED_EDGE('',*,*,#1504,.F.);
#1974=ORIENTED_EDGE('',*,*,#1503,.T.);
#1975=ORIENTED_EDGE('',*,*,#1499,.T.);
#1976=ORIENTED_EDGE('',*,*,#1505,.F.);
#1977=ORIENTED_EDGE('',*,*,#1506,.F.);
#1978=ORIENTED_EDGE('',*,*,#1505,.T.);
#1979=ORIENTED_EDGE('',*,*,#1498,.F.);
#1980=ORIENTED_EDGE('',*,*,#1507,.F.);
#1981=ORIENTED_EDGE('',*,*,#1508,.F.);
#1982=ORIENTED_EDGE('',*,*,#1507,.T.);
#1983=ORIENTED_EDGE('',*,*,#1497,.T.);
#1984=ORIENTED_EDGE('',*,*,#1502,.F.);
#1985=ORIENTED_EDGE('',*,*,#1509,.F.);
#1986=ORIENTED_EDGE('',*,*,#1510,.T.);
#1987=ORIENTED_EDGE('',*,*,#1511,.F.);
#1988=ORIENTED_EDGE('',*,*,#1512,.F.);
#1989=ORIENTED_EDGE('',*,*,#1513,.F.);
#1990=ORIENTED_EDGE('',*,*,#1512,.T.);
#1991=ORIENTED_EDGE('',*,*,#1514,.F.);
#1992=ORIENTED_EDGE('',*,*,#1515,.F.);
#1993=ORIENTED_EDGE('',*,*,#1516,.F.);
#1994=ORIENTED_EDGE('',*,*,#1515,.T.);
#1995=ORIENTED_EDGE('',*,*,#1517,.F.);
#1996=ORIENTED_EDGE('',*,*,#1518,.F.);
#1997=ORIENTED_EDGE('',*,*,#1519,.F.);
#1998=ORIENTED_EDGE('',*,*,#1518,.T.);
#1999=ORIENTED_EDGE('',*,*,#1520,.F.);
#2000=ORIENTED_EDGE('',*,*,#1510,.F.);
#2001=ORIENTED_EDGE('',*,*,#1520,.T.);
#2002=ORIENTED_EDGE('',*,*,#1517,.T.);
#2003=ORIENTED_EDGE('',*,*,#1514,.T.);
#2004=ORIENTED_EDGE('',*,*,#1511,.T.);
#2005=ORIENTED_EDGE('',*,*,#1501,.T.);
#2006=ORIENTED_EDGE('',*,*,#1504,.T.);
#2007=ORIENTED_EDGE('',*,*,#1506,.T.);
#2008=ORIENTED_EDGE('',*,*,#1508,.T.);
#2009=ORIENTED_EDGE('',*,*,#1519,.T.);
#2010=ORIENTED_EDGE('',*,*,#1509,.T.);
#2011=ORIENTED_EDGE('',*,*,#1513,.T.);
#2012=ORIENTED_EDGE('',*,*,#1516,.T.);
#2013=ORIENTED_EDGE('',*,*,#1521,.T.);
#2014=ORIENTED_EDGE('',*,*,#1522,.T.);
#2015=ORIENTED_EDGE('',*,*,#1523,.F.);
#2016=ORIENTED_EDGE('',*,*,#1522,.F.);
#2017=ORIENTED_EDGE('',*,*,#1524,.F.);
#2018=ORIENTED_EDGE('',*,*,#1525,.T.);
#2019=ORIENTED_EDGE('',*,*,#1526,.T.);
#2020=ORIENTED_EDGE('',*,*,#1527,.F.);
#2021=ORIENTED_EDGE('',*,*,#1528,.F.);
#2022=ORIENTED_EDGE('',*,*,#1529,.T.);
#2023=ORIENTED_EDGE('',*,*,#1530,.T.);
#2024=ORIENTED_EDGE('',*,*,#1525,.F.);
#2025=ORIENTED_EDGE('',*,*,#1531,.F.);
#2026=ORIENTED_EDGE('',*,*,#1532,.T.);
#2027=ORIENTED_EDGE('',*,*,#1533,.T.);
#2028=ORIENTED_EDGE('',*,*,#1529,.F.);
#2029=ORIENTED_EDGE('',*,*,#1534,.F.);
#2030=ORIENTED_EDGE('',*,*,#1527,.T.);
#2031=ORIENTED_EDGE('',*,*,#1535,.T.);
#2032=ORIENTED_EDGE('',*,*,#1532,.F.);
#2033=ORIENTED_EDGE('',*,*,#1535,.F.);
#2034=ORIENTED_EDGE('',*,*,#1526,.F.);
#2035=ORIENTED_EDGE('',*,*,#1530,.F.);
#2036=ORIENTED_EDGE('',*,*,#1533,.F.);
#2037=ORIENTED_EDGE('',*,*,#1521,.F.);
#2038=ORIENTED_EDGE('',*,*,#1534,.T.);
#2039=ORIENTED_EDGE('',*,*,#1531,.T.);
#2040=ORIENTED_EDGE('',*,*,#1528,.T.);
#2041=ORIENTED_EDGE('',*,*,#1524,.T.);
#2042=ORIENTED_EDGE('',*,*,#1523,.T.);
#2043=ORIENTED_EDGE('',*,*,#1536,.T.);
#2044=ORIENTED_EDGE('',*,*,#1537,.T.);
#2045=ORIENTED_EDGE('',*,*,#1538,.F.);
#2046=ORIENTED_EDGE('',*,*,#1537,.F.);
#2047=ORIENTED_EDGE('',*,*,#1536,.F.);
#2048=ORIENTED_EDGE('',*,*,#1538,.T.);
#2049=ORIENTED_EDGE('',*,*,#1539,.T.);
#2050=ORIENTED_EDGE('',*,*,#1540,.F.);
#2051=ORIENTED_EDGE('',*,*,#1541,.F.);
#2052=ORIENTED_EDGE('',*,*,#1542,.F.);
#2053=ORIENTED_EDGE('',*,*,#1543,.T.);
#2054=ORIENTED_EDGE('',*,*,#1540,.T.);
#2055=ORIENTED_EDGE('',*,*,#1544,.T.);
#2056=ORIENTED_EDGE('',*,*,#1545,.T.);
#2057=ORIENTED_EDGE('',*,*,#1546,.F.);
#2058=ORIENTED_EDGE('',*,*,#1547,.T.);
#2059=ORIENTED_EDGE('',*,*,#1548,.T.);
#2060=ORIENTED_EDGE('',*,*,#1543,.F.);
#2061=ORIENTED_EDGE('',*,*,#1548,.F.);
#2062=ORIENTED_EDGE('',*,*,#1545,.F.);
#2063=ORIENTED_EDGE('',*,*,#1549,.T.);
#2064=ORIENTED_EDGE('',*,*,#1550,.T.);
#2065=ORIENTED_EDGE('',*,*,#1551,.F.);
#2066=ORIENTED_EDGE('',*,*,#1547,.F.);
#2067=ORIENTED_EDGE('',*,*,#1552,.F.);
#2068=ORIENTED_EDGE('',*,*,#1549,.F.);
#2069=ORIENTED_EDGE('',*,*,#1544,.F.);
#2070=ORIENTED_EDGE('',*,*,#1539,.F.);
#2071=ORIENTED_EDGE('',*,*,#1553,.F.);
#2072=ORIENTED_EDGE('',*,*,#1554,.T.);
#2073=ORIENTED_EDGE('',*,*,#1555,.T.);
#2074=ORIENTED_EDGE('',*,*,#1553,.T.);
#2075=ORIENTED_EDGE('',*,*,#1555,.F.);
#2076=ORIENTED_EDGE('',*,*,#1550,.F.);
#2077=ORIENTED_EDGE('',*,*,#1552,.T.);
#2078=ORIENTED_EDGE('',*,*,#1542,.T.);
#2079=ORIENTED_EDGE('',*,*,#1556,.T.);
#2080=ORIENTED_EDGE('',*,*,#1556,.F.);
#2081=ORIENTED_EDGE('',*,*,#1541,.T.);
#2082=ORIENTED_EDGE('',*,*,#1546,.T.);
#2083=ORIENTED_EDGE('',*,*,#1551,.T.);
#2084=ORIENTED_EDGE('',*,*,#1554,.F.);
#2085=ORIENTED_EDGE('',*,*,#1557,.T.);
#2086=ORIENTED_EDGE('',*,*,#1558,.T.);
#2087=ORIENTED_EDGE('',*,*,#1559,.F.);
#2088=ORIENTED_EDGE('',*,*,#1558,.F.);
#2089=ORIENTED_EDGE('',*,*,#1557,.F.);
#2090=ORIENTED_EDGE('',*,*,#1559,.T.);
#2091=ORIENTED_EDGE('',*,*,#1560,.F.);
#2092=ORIENTED_EDGE('',*,*,#1561,.F.);
#2093=ORIENTED_EDGE('',*,*,#1562,.F.);
#2094=ORIENTED_EDGE('',*,*,#1563,.F.);
#2095=ORIENTED_EDGE('',*,*,#1560,.T.);
#2096=ORIENTED_EDGE('',*,*,#1564,.F.);
#2097=ORIENTED_EDGE('',*,*,#1565,.T.);
#2098=ORIENTED_EDGE('',*,*,#1566,.F.);
#2099=ORIENTED_EDGE('',*,*,#1567,.T.);
#2100=ORIENTED_EDGE('',*,*,#1568,.F.);
#2101=ORIENTED_EDGE('',*,*,#1569,.T.);
#2102=ORIENTED_EDGE('',*,*,#1570,.F.);
#2103=ORIENTED_EDGE('',*,*,#1571,.F.);
#2104=ORIENTED_EDGE('',*,*,#1561,.T.);
#2105=ORIENTED_EDGE('',*,*,#1571,.T.);
#2106=ORIENTED_EDGE('',*,*,#1572,.T.);
#2107=ORIENTED_EDGE('',*,*,#1573,.F.);
#2108=ORIENTED_EDGE('',*,*,#1563,.T.);
#2109=ORIENTED_EDGE('',*,*,#1574,.T.);
#2110=ORIENTED_EDGE('',*,*,#1575,.T.);
#2111=ORIENTED_EDGE('',*,*,#1576,.T.);
#2112=ORIENTED_EDGE('',*,*,#1577,.F.);
#2113=ORIENTED_EDGE('',*,*,#1578,.T.);
#2114=ORIENTED_EDGE('',*,*,#1579,.T.);
#2115=ORIENTED_EDGE('',*,*,#1564,.T.);
#2116=ORIENTED_EDGE('',*,*,#1567,.F.);
#2117=ORIENTED_EDGE('',*,*,#1580,.F.);
#2118=ORIENTED_EDGE('',*,*,#1581,.F.);
#2119=ORIENTED_EDGE('',*,*,#1582,.F.);
#2120=ORIENTED_EDGE('',*,*,#1580,.T.);
#2121=ORIENTED_EDGE('',*,*,#1566,.T.);
#2122=ORIENTED_EDGE('',*,*,#1583,.T.);
#2123=ORIENTED_EDGE('',*,*,#1584,.F.);
#2124=ORIENTED_EDGE('',*,*,#1565,.F.);
#2125=ORIENTED_EDGE('',*,*,#1579,.F.);
#2126=ORIENTED_EDGE('',*,*,#1585,.F.);
#2127=ORIENTED_EDGE('',*,*,#1583,.F.);
#2128=ORIENTED_EDGE('',*,*,#1582,.T.);
#2129=ORIENTED_EDGE('',*,*,#1586,.T.);
#2130=ORIENTED_EDGE('',*,*,#1587,.T.);
#2131=ORIENTED_EDGE('',*,*,#1588,.T.);
#2132=ORIENTED_EDGE('',*,*,#1589,.F.);
#2133=ORIENTED_EDGE('',*,*,#1590,.T.);
#2134=ORIENTED_EDGE('',*,*,#1591,.T.);
#2135=ORIENTED_EDGE('',*,*,#1568,.T.);
#2136=ORIENTED_EDGE('',*,*,#1569,.F.);
#2137=ORIENTED_EDGE('',*,*,#1591,.F.);
#2138=ORIENTED_EDGE('',*,*,#1592,.T.);
#2139=ORIENTED_EDGE('',*,*,#1593,.F.);
#2140=ORIENTED_EDGE('',*,*,#1572,.F.);
#2141=ORIENTED_EDGE('',*,*,#1570,.T.);
#2142=ORIENTED_EDGE('',*,*,#1593,.T.);
#2143=ORIENTED_EDGE('',*,*,#1594,.T.);
#2144=ORIENTED_EDGE('',*,*,#1586,.F.);
#2145=ORIENTED_EDGE('',*,*,#1581,.T.);
#2146=ORIENTED_EDGE('',*,*,#1584,.T.);
#2147=ORIENTED_EDGE('',*,*,#1585,.T.);
#2148=ORIENTED_EDGE('',*,*,#1578,.F.);
#2149=ORIENTED_EDGE('',*,*,#1595,.T.);
#2150=ORIENTED_EDGE('',*,*,#1594,.F.);
#2151=ORIENTED_EDGE('',*,*,#1592,.F.);
#2152=ORIENTED_EDGE('',*,*,#1590,.F.);
#2153=ORIENTED_EDGE('',*,*,#1596,.T.);
#2154=ORIENTED_EDGE('',*,*,#1574,.F.);
#2155=ORIENTED_EDGE('',*,*,#1562,.T.);
#2156=ORIENTED_EDGE('',*,*,#1573,.T.);
#2157=ORIENTED_EDGE('',*,*,#1595,.F.);
#2158=ORIENTED_EDGE('',*,*,#1577,.T.);
#2159=ORIENTED_EDGE('',*,*,#1597,.T.);
#2160=ORIENTED_EDGE('',*,*,#1587,.F.);
#2161=ORIENTED_EDGE('',*,*,#1596,.F.);
#2162=ORIENTED_EDGE('',*,*,#1589,.T.);
#2163=ORIENTED_EDGE('',*,*,#1598,.T.);
#2164=ORIENTED_EDGE('',*,*,#1575,.F.);
#2165=ORIENTED_EDGE('',*,*,#1588,.F.);
#2166=ORIENTED_EDGE('',*,*,#1597,.F.);
#2167=ORIENTED_EDGE('',*,*,#1576,.F.);
#2168=ORIENTED_EDGE('',*,*,#1598,.F.);
#2169=ORIENTED_EDGE('',*,*,#1599,.T.);
#2170=ORIENTED_EDGE('',*,*,#1600,.T.);
#2171=ORIENTED_EDGE('',*,*,#1601,.F.);
#2172=ORIENTED_EDGE('',*,*,#1600,.F.);
#2173=ORIENTED_EDGE('',*,*,#1599,.F.);
#2174=ORIENTED_EDGE('',*,*,#1601,.T.);
#2175=ORIENTED_EDGE('',*,*,#1602,.T.);
#2176=ORIENTED_EDGE('',*,*,#1603,.T.);
#2177=ORIENTED_EDGE('',*,*,#1604,.F.);
#2178=ORIENTED_EDGE('',*,*,#1605,.T.);
#2179=ORIENTED_EDGE('',*,*,#1606,.T.);
#2180=ORIENTED_EDGE('',*,*,#1607,.F.);
#2181=ORIENTED_EDGE('',*,*,#1608,.T.);
#2182=ORIENTED_EDGE('',*,*,#1609,.T.);
#2183=ORIENTED_EDGE('',*,*,#1610,.F.);
#2184=ORIENTED_EDGE('',*,*,#1611,.T.);
#2185=ORIENTED_EDGE('',*,*,#1612,.F.);
#2186=ORIENTED_EDGE('',*,*,#1602,.F.);
#2187=ORIENTED_EDGE('',*,*,#1613,.F.);
#2188=ORIENTED_EDGE('',*,*,#1614,.F.);
#2189=ORIENTED_EDGE('',*,*,#1612,.T.);
#2190=ORIENTED_EDGE('',*,*,#1615,.F.);
#2191=ORIENTED_EDGE('',*,*,#1616,.F.);
#2192=ORIENTED_EDGE('',*,*,#1603,.F.);
#2193=ORIENTED_EDGE('',*,*,#1614,.T.);
#2194=ORIENTED_EDGE('',*,*,#1617,.T.);
#2195=ORIENTED_EDGE('',*,*,#1618,.T.);
#2196=ORIENTED_EDGE('',*,*,#1619,.T.);
#2197=ORIENTED_EDGE('',*,*,#1620,.F.);
#2198=ORIENTED_EDGE('',*,*,#1621,.F.);
#2199=ORIENTED_EDGE('',*,*,#1622,.T.);
#2200=ORIENTED_EDGE('',*,*,#1623,.T.);
#2201=ORIENTED_EDGE('',*,*,#1624,.T.);
#2202=ORIENTED_EDGE('',*,*,#1615,.T.);
#2203=ORIENTED_EDGE('',*,*,#1625,.F.);
#2204=ORIENTED_EDGE('',*,*,#1606,.F.);
#2205=ORIENTED_EDGE('',*,*,#1626,.F.);
#2206=ORIENTED_EDGE('',*,*,#1622,.F.);
#2207=ORIENTED_EDGE('',*,*,#1627,.T.);
#2208=ORIENTED_EDGE('',*,*,#1604,.T.);
#2209=ORIENTED_EDGE('',*,*,#1616,.T.);
#2210=ORIENTED_EDGE('',*,*,#1624,.F.);
#2211=ORIENTED_EDGE('',*,*,#1623,.F.);
#2212=ORIENTED_EDGE('',*,*,#1626,.T.);
#2213=ORIENTED_EDGE('',*,*,#1605,.F.);
#2214=ORIENTED_EDGE('',*,*,#1627,.F.);
#2215=ORIENTED_EDGE('',*,*,#1607,.T.);
#2216=ORIENTED_EDGE('',*,*,#1625,.T.);
#2217=ORIENTED_EDGE('',*,*,#1621,.T.);
#2218=ORIENTED_EDGE('',*,*,#1628,.T.);
#2219=ORIENTED_EDGE('',*,*,#1628,.F.);
#2220=ORIENTED_EDGE('',*,*,#1620,.T.);
#2221=ORIENTED_EDGE('',*,*,#1629,.T.);
#2222=ORIENTED_EDGE('',*,*,#1608,.F.);
#2223=ORIENTED_EDGE('',*,*,#1630,.F.);
#2224=ORIENTED_EDGE('',*,*,#1617,.F.);
#2225=ORIENTED_EDGE('',*,*,#1613,.T.);
#2226=ORIENTED_EDGE('',*,*,#1611,.F.);
#2227=ORIENTED_EDGE('',*,*,#1630,.T.);
#2228=ORIENTED_EDGE('',*,*,#1610,.T.);
#2229=ORIENTED_EDGE('',*,*,#1631,.T.);
#2230=ORIENTED_EDGE('',*,*,#1618,.F.);
#2231=ORIENTED_EDGE('',*,*,#1631,.F.);
#2232=ORIENTED_EDGE('',*,*,#1609,.F.);
#2233=ORIENTED_EDGE('',*,*,#1629,.F.);
#2234=ORIENTED_EDGE('',*,*,#1619,.F.);
#2235=ORIENTED_EDGE('',*,*,#1632,.T.);
#2236=ORIENTED_EDGE('',*,*,#1633,.T.);
#2237=ORIENTED_EDGE('',*,*,#1634,.F.);
#2238=ORIENTED_EDGE('',*,*,#1633,.F.);
#2239=ORIENTED_EDGE('',*,*,#1632,.F.);
#2240=ORIENTED_EDGE('',*,*,#1634,.T.);
#2241=ORIENTED_EDGE('',*,*,#1635,.F.);
#2242=ORIENTED_EDGE('',*,*,#1636,.F.);
#2243=ORIENTED_EDGE('',*,*,#1637,.F.);
#2244=ORIENTED_EDGE('',*,*,#1638,.F.);
#2245=ORIENTED_EDGE('',*,*,#1639,.F.);
#2246=ORIENTED_EDGE('',*,*,#1640,.T.);
#2247=ORIENTED_EDGE('',*,*,#1641,.T.);
#2248=ORIENTED_EDGE('',*,*,#1639,.T.);
#2249=ORIENTED_EDGE('',*,*,#1641,.F.);
#2250=ORIENTED_EDGE('',*,*,#1642,.T.);
#2251=ORIENTED_EDGE('',*,*,#1638,.T.);
#2252=ORIENTED_EDGE('',*,*,#1643,.T.);
#2253=ORIENTED_EDGE('',*,*,#1644,.T.);
#2254=ORIENTED_EDGE('',*,*,#1643,.F.);
#2255=ORIENTED_EDGE('',*,*,#1637,.T.);
#2256=ORIENTED_EDGE('',*,*,#1645,.T.);
#2257=ORIENTED_EDGE('',*,*,#1646,.T.);
#2258=ORIENTED_EDGE('',*,*,#1645,.F.);
#2259=ORIENTED_EDGE('',*,*,#1636,.T.);
#2260=ORIENTED_EDGE('',*,*,#1647,.T.);
#2261=ORIENTED_EDGE('',*,*,#1648,.T.);
#2262=ORIENTED_EDGE('',*,*,#1647,.F.);
#2263=ORIENTED_EDGE('',*,*,#1635,.T.);
#2264=ORIENTED_EDGE('',*,*,#1642,.F.);
#2265=ORIENTED_EDGE('',*,*,#1649,.T.);
#2266=ORIENTED_EDGE('',*,*,#1649,.F.);
#2267=ORIENTED_EDGE('',*,*,#1644,.F.);
#2268=ORIENTED_EDGE('',*,*,#1646,.F.);
#2269=ORIENTED_EDGE('',*,*,#1648,.F.);
#2270=ORIENTED_EDGE('',*,*,#1640,.F.);
#2271=ORIENTED_EDGE('',*,*,#1650,.T.);
#2272=ORIENTED_EDGE('',*,*,#1651,.T.);
#2273=ORIENTED_EDGE('',*,*,#1652,.F.);
#2274=ORIENTED_EDGE('',*,*,#1651,.F.);
#2275=ORIENTED_EDGE('',*,*,#1650,.F.);
#2276=ORIENTED_EDGE('',*,*,#1652,.T.);
#2277=ORIENTED_EDGE('',*,*,#1653,.T.);
#2278=ORIENTED_EDGE('',*,*,#1654,.F.);
#2279=ORIENTED_EDGE('',*,*,#1655,.T.);
#2280=ORIENTED_EDGE('',*,*,#1656,.F.);
#2281=ORIENTED_EDGE('',*,*,#1657,.T.);
#2282=ORIENTED_EDGE('',*,*,#1658,.T.);
#2283=ORIENTED_EDGE('',*,*,#1654,.T.);
#2284=ORIENTED_EDGE('',*,*,#1659,.F.);
#2285=ORIENTED_EDGE('',*,*,#1660,.T.);
#2286=ORIENTED_EDGE('',*,*,#1661,.T.);
#2287=ORIENTED_EDGE('',*,*,#1655,.F.);
#2288=ORIENTED_EDGE('',*,*,#1658,.F.);
#2289=ORIENTED_EDGE('',*,*,#1662,.T.);
#2290=ORIENTED_EDGE('',*,*,#1663,.T.);
#2291=ORIENTED_EDGE('',*,*,#1656,.T.);
#2292=ORIENTED_EDGE('',*,*,#1661,.F.);
#2293=ORIENTED_EDGE('',*,*,#1664,.T.);
#2294=ORIENTED_EDGE('',*,*,#1659,.T.);
#2295=ORIENTED_EDGE('',*,*,#1653,.F.);
#2296=ORIENTED_EDGE('',*,*,#1663,.F.);
#2297=ORIENTED_EDGE('',*,*,#1665,.T.);
#2298=ORIENTED_EDGE('',*,*,#1666,.T.);
#2299=ORIENTED_EDGE('',*,*,#1667,.T.);
#2300=ORIENTED_EDGE('',*,*,#1668,.F.);
#2301=ORIENTED_EDGE('',*,*,#1669,.T.);
#2302=ORIENTED_EDGE('',*,*,#1670,.T.);
#2303=ORIENTED_EDGE('',*,*,#1671,.T.);
#2304=ORIENTED_EDGE('',*,*,#1666,.F.);
#2305=ORIENTED_EDGE('',*,*,#1672,.T.);
#2306=ORIENTED_EDGE('',*,*,#1673,.T.);
#2307=ORIENTED_EDGE('',*,*,#1674,.T.);
#2308=ORIENTED_EDGE('',*,*,#1670,.F.);
#2309=ORIENTED_EDGE('',*,*,#1675,.T.);
#2310=ORIENTED_EDGE('',*,*,#1668,.T.);
#2311=ORIENTED_EDGE('',*,*,#1676,.T.);
#2312=ORIENTED_EDGE('',*,*,#1673,.F.);
#2313=ORIENTED_EDGE('',*,*,#1676,.F.);
#2314=ORIENTED_EDGE('',*,*,#1667,.F.);
#2315=ORIENTED_EDGE('',*,*,#1671,.F.);
#2316=ORIENTED_EDGE('',*,*,#1674,.F.);
#2317=ORIENTED_EDGE('',*,*,#1657,.F.);
#2318=ORIENTED_EDGE('',*,*,#1664,.F.);
#2319=ORIENTED_EDGE('',*,*,#1662,.F.);
#2320=ORIENTED_EDGE('',*,*,#1660,.F.);
#2321=ORIENTED_EDGE('',*,*,#1675,.F.);
#2322=ORIENTED_EDGE('',*,*,#1672,.F.);
#2323=ORIENTED_EDGE('',*,*,#1669,.F.);
#2324=ORIENTED_EDGE('',*,*,#1665,.F.);
#2325=PLANE('',#2862);
#2326=PLANE('',#2863);
#2327=PLANE('',#2864);
#2328=PLANE('',#2865);
#2329=PLANE('',#2866);
#2330=PLANE('',#2867);
#2331=PLANE('',#2872);
#2332=PLANE('',#2873);
#2333=PLANE('',#2877);
#2334=PLANE('',#2878);
#2335=PLANE('',#2879);
#2336=PLANE('',#2884);
#2337=PLANE('',#2885);
#2338=PLANE('',#2887);
#2339=PLANE('',#2894);
#2340=PLANE('',#2895);
#2341=PLANE('',#2902);
#2342=PLANE('',#2907);
#2343=PLANE('',#2908);
#2344=PLANE('',#2913);
#2345=PLANE('',#2918);
#2346=PLANE('',#2919);
#2347=PLANE('',#2922);
#2348=PLANE('',#2925);
#2349=PLANE('',#2930);
#2350=PLANE('',#2932);
#2351=PLANE('',#2938);
#2352=PLANE('',#2943);
#2353=PLANE('',#2944);
#2354=PLANE('',#2946);
#2355=PLANE('',#2950);
#2356=PLANE('',#2952);
#2357=PLANE('',#2958);
#2358=PLANE('',#2959);
#2359=PLANE('',#2963);
#2360=PLANE('',#2967);
#2361=PLANE('',#2972);
#2362=PLANE('',#2973);
#2363=PLANE('',#2975);
#2364=PLANE('',#2981);
#2365=PLANE('',#2984);
#2366=PLANE('',#2987);
#2367=PLANE('',#2992);
#2368=PLANE('',#2993);
#2369=PLANE('',#2998);
#2370=PLANE('',#2999);
#2371=PLANE('',#3000);
#2372=PLANE('',#3001);
#2373=PLANE('',#3002);
#2374=PLANE('',#3003);
#2375=PLANE('',#3004);
#2376=PLANE('',#3005);
#2377=PLANE('',#3006);
#2378=PLANE('',#3007);
#2379=PLANE('',#3012);
#2380=PLANE('',#3013);
#2381=PLANE('',#3017);
#2382=PLANE('',#3018);
#2383=PLANE('',#3019);
#2384=PLANE('',#3024);
#2385=PLANE('',#3025);
#2386=PLANE('',#3027);
#2387=PLANE('',#3034);
#2388=PLANE('',#3035);
#2389=PLANE('',#3042);
#2390=PLANE('',#3047);
#2391=PLANE('',#3048);
#2392=PLANE('',#3053);
#2393=PLANE('',#3058);
#2394=PLANE('',#3059);
#2395=PLANE('',#3062);
#2396=PLANE('',#3065);
#2397=PLANE('',#3070);
#2398=PLANE('',#3072);
#2399=PLANE('',#3078);
#2400=PLANE('',#3083);
#2401=PLANE('',#3084);
#2402=PLANE('',#3086);
#2403=PLANE('',#3090);
#2404=PLANE('',#3092);
#2405=PLANE('',#3098);
#2406=PLANE('',#3099);
#2407=PLANE('',#3103);
#2408=PLANE('',#3107);
#2409=PLANE('',#3112);
#2410=PLANE('',#3113);
#2411=PLANE('',#3115);
#2412=PLANE('',#3121);
#2413=PLANE('',#3124);
#2414=PLANE('',#3127);
#2415=PLANE('',#3132);
#2416=PLANE('',#3133);
#2417=PLANE('',#3138);
#2418=PLANE('',#3139);
#2419=PLANE('',#3140);
#2420=PLANE('',#3141);
#2421=PLANE('',#3142);
#2422=PLANE('',#3143);
#2423=PLANE('',#3144);
#2424=PLANE('',#3145);
#2425=PLANE('',#3146);
#2426=PLANE('',#3147);
#2427=ADVANCED_FACE('',(#375),#2325,.T.);
#2428=ADVANCED_FACE('',(#376),#2326,.T.);
#2429=ADVANCED_FACE('',(#377),#2327,.T.);
#2430=ADVANCED_FACE('',(#378),#2328,.T.);
#2431=ADVANCED_FACE('',(#379),#2329,.T.);
#2432=ADVANCED_FACE('',(#380),#2330,.F.);
#2433=ADVANCED_FACE('',(#381),#229,.F.);
#2434=ADVANCED_FACE('',(#382),#2331,.T.);
#2435=ADVANCED_FACE('',(#383),#2332,.T.);
#2436=ADVANCED_FACE('',(#384),#230,.T.);
#2437=ADVANCED_FACE('',(#385),#2333,.T.);
#2438=ADVANCED_FACE('',(#386,#103),#2334,.T.);
#2439=ADVANCED_FACE('',(#387,#104),#2335,.F.);
#2440=ADVANCED_FACE('',(#388),#231,.T.);
#2441=ADVANCED_FACE('',(#389),#2336,.T.);
#2442=ADVANCED_FACE('',(#390),#2337,.F.);
#2443=ADVANCED_FACE('',(#391,#105),#2338,.T.);
#2444=ADVANCED_FACE('',(#392),#232,.T.);
#2445=ADVANCED_FACE('',(#393),#233,.F.);
#2446=ADVANCED_FACE('',(#394,#106),#2339,.T.);
#2447=ADVANCED_FACE('',(#395,#107),#2340,.F.);
#2448=ADVANCED_FACE('',(#396),#234,.F.);
#2449=ADVANCED_FACE('',(#397),#235,.T.);
#2450=ADVANCED_FACE('',(#398,#108),#2341,.T.);
#2451=ADVANCED_FACE('',(#399),#236,.T.);
#2452=ADVANCED_FACE('',(#400),#2342,.T.);
#2453=ADVANCED_FACE('',(#401),#2343,.F.);
#2454=ADVANCED_FACE('',(#402),#237,.T.);
#2455=ADVANCED_FACE('',(#403),#2344,.F.);
#2456=ADVANCED_FACE('',(#404),#2345,.F.);
#2457=ADVANCED_FACE('',(#405),#2346,.T.);
#2458=ADVANCED_FACE('',(#406),#238,.T.);
#2459=ADVANCED_FACE('',(#407),#2347,.F.);
#2460=ADVANCED_FACE('',(#408),#239,.T.);
#2461=ADVANCED_FACE('',(#409),#2348,.T.);
#2462=ADVANCED_FACE('',(#410),#240,.T.);
#2463=ADVANCED_FACE('',(#411),#241,.F.);
#2464=ADVANCED_FACE('',(#412),#2349,.F.);
#2465=ADVANCED_FACE('',(#413),#2350,.F.);
#2466=ADVANCED_FACE('',(#414),#242,.T.);
#2467=ADVANCED_FACE('',(#415),#243,.T.);
#2468=ADVANCED_FACE('',(#416),#2351,.T.);
#2469=ADVANCED_FACE('',(#417),#244,.T.);
#2470=ADVANCED_FACE('',(#418),#2352,.T.);
#2471=ADVANCED_FACE('',(#419),#2353,.F.);
#2472=ADVANCED_FACE('',(#420),#2354,.T.);
#2473=ADVANCED_FACE('',(#421),#245,.T.);
#2474=ADVANCED_FACE('',(#422),#2355,.T.);
#2475=ADVANCED_FACE('',(#423),#2356,.T.);
#2476=ADVANCED_FACE('',(#424),#246,.T.);
#2477=ADVANCED_FACE('',(#425),#247,.T.);
#2478=ADVANCED_FACE('',(#426),#2357,.T.);
#2479=ADVANCED_FACE('',(#427),#2358,.F.);
#2480=ADVANCED_FACE('',(#428),#248,.T.);
#2481=ADVANCED_FACE('',(#429),#2359,.T.);
#2482=ADVANCED_FACE('',(#430),#249,.T.);
#2483=ADVANCED_FACE('',(#431),#2360,.F.);
#2484=ADVANCED_FACE('',(#432),#250,.T.);
#2485=ADVANCED_FACE('',(#433),#2361,.T.);
#2486=ADVANCED_FACE('',(#434),#2362,.F.);
#2487=ADVANCED_FACE('',(#435,#109),#2363,.F.);
#2488=ADVANCED_FACE('',(#436),#251,.F.);
#2489=ADVANCED_FACE('',(#437),#2364,.T.);
#2490=ADVANCED_FACE('',(#438),#252,.T.);
#2491=ADVANCED_FACE('',(#439),#2365,.T.);
#2492=ADVANCED_FACE('',(#440),#253,.T.);
#2493=ADVANCED_FACE('',(#441,#110),#2366,.T.);
#2494=ADVANCED_FACE('',(#442),#254,.T.);
#2495=ADVANCED_FACE('',(#443),#2367,.T.);
#2496=ADVANCED_FACE('',(#444),#2368,.F.);
#2497=ADVANCED_FACE('',(#445),#255,.T.);
#2498=ADVANCED_FACE('',(#446),#2369,.T.);
#2499=ADVANCED_FACE('',(#447),#2370,.T.);
#2500=ADVANCED_FACE('',(#448),#2371,.T.);
#2501=ADVANCED_FACE('',(#449),#2372,.T.);
#2502=ADVANCED_FACE('',(#450),#2373,.T.);
#2503=ADVANCED_FACE('',(#451),#2374,.T.);
#2504=ADVANCED_FACE('',(#452),#2375,.T.);
#2505=ADVANCED_FACE('',(#453),#2376,.T.);
#2506=ADVANCED_FACE('',(#454,#111),#2377,.T.);
#2507=ADVANCED_FACE('',(#455),#2378,.F.);
#2508=ADVANCED_FACE('',(#456),#256,.F.);
#2509=ADVANCED_FACE('',(#457),#2379,.F.);
#2510=ADVANCED_FACE('',(#458),#2380,.F.);
#2511=ADVANCED_FACE('',(#459),#257,.T.);
#2512=ADVANCED_FACE('',(#460),#2381,.F.);
#2513=ADVANCED_FACE('',(#461,#112),#2382,.F.);
#2514=ADVANCED_FACE('',(#462,#113),#2383,.T.);
#2515=ADVANCED_FACE('',(#463),#258,.T.);
#2516=ADVANCED_FACE('',(#464),#2384,.F.);
#2517=ADVANCED_FACE('',(#465),#2385,.T.);
#2518=ADVANCED_FACE('',(#466,#114),#2386,.F.);
#2519=ADVANCED_FACE('',(#467),#259,.T.);
#2520=ADVANCED_FACE('',(#468),#260,.F.);
#2521=ADVANCED_FACE('',(#469,#115),#2387,.F.);
#2522=ADVANCED_FACE('',(#470,#116),#2388,.T.);
#2523=ADVANCED_FACE('',(#471),#261,.F.);
#2524=ADVANCED_FACE('',(#472),#262,.T.);
#2525=ADVANCED_FACE('',(#473,#117),#2389,.F.);
#2526=ADVANCED_FACE('',(#474),#263,.T.);
#2527=ADVANCED_FACE('',(#475),#2390,.F.);
#2528=ADVANCED_FACE('',(#476),#2391,.T.);
#2529=ADVANCED_FACE('',(#477),#264,.T.);
#2530=ADVANCED_FACE('',(#478),#2392,.T.);
#2531=ADVANCED_FACE('',(#479),#2393,.T.);
#2532=ADVANCED_FACE('',(#480),#2394,.F.);
#2533=ADVANCED_FACE('',(#481),#265,.T.);
#2534=ADVANCED_FACE('',(#482),#2395,.T.);
#2535=ADVANCED_FACE('',(#483),#266,.T.);
#2536=ADVANCED_FACE('',(#484),#2396,.F.);
#2537=ADVANCED_FACE('',(#485),#267,.T.);
#2538=ADVANCED_FACE('',(#486),#268,.F.);
#2539=ADVANCED_FACE('',(#487),#2397,.T.);
#2540=ADVANCED_FACE('',(#488),#2398,.T.);
#2541=ADVANCED_FACE('',(#489),#269,.T.);
#2542=ADVANCED_FACE('',(#490),#270,.T.);
#2543=ADVANCED_FACE('',(#491),#2399,.F.);
#2544=ADVANCED_FACE('',(#492),#271,.T.);
#2545=ADVANCED_FACE('',(#493),#2400,.F.);
#2546=ADVANCED_FACE('',(#494),#2401,.T.);
#2547=ADVANCED_FACE('',(#495),#2402,.F.);
#2548=ADVANCED_FACE('',(#496),#272,.T.);
#2549=ADVANCED_FACE('',(#497),#2403,.F.);
#2550=ADVANCED_FACE('',(#498),#2404,.F.);
#2551=ADVANCED_FACE('',(#499),#273,.T.);
#2552=ADVANCED_FACE('',(#500),#274,.T.);
#2553=ADVANCED_FACE('',(#501),#2405,.F.);
#2554=ADVANCED_FACE('',(#502),#2406,.T.);
#2555=ADVANCED_FACE('',(#503),#275,.T.);
#2556=ADVANCED_FACE('',(#504),#2407,.F.);
#2557=ADVANCED_FACE('',(#505),#276,.T.);
#2558=ADVANCED_FACE('',(#506),#2408,.T.);
#2559=ADVANCED_FACE('',(#507),#277,.T.);
#2560=ADVANCED_FACE('',(#508),#2409,.F.);
#2561=ADVANCED_FACE('',(#509),#2410,.T.);
#2562=ADVANCED_FACE('',(#510,#118),#2411,.T.);
#2563=ADVANCED_FACE('',(#511),#278,.F.);
#2564=ADVANCED_FACE('',(#512),#2412,.F.);
#2565=ADVANCED_FACE('',(#513),#279,.T.);
#2566=ADVANCED_FACE('',(#514),#2413,.F.);
#2567=ADVANCED_FACE('',(#515),#280,.T.);
#2568=ADVANCED_FACE('',(#516,#119),#2414,.F.);
#2569=ADVANCED_FACE('',(#517),#281,.T.);
#2570=ADVANCED_FACE('',(#518),#2415,.F.);
#2571=ADVANCED_FACE('',(#519),#2416,.T.);
#2572=ADVANCED_FACE('',(#520),#282,.T.);
#2573=ADVANCED_FACE('',(#521),#2417,.F.);
#2574=ADVANCED_FACE('',(#522),#2418,.F.);
#2575=ADVANCED_FACE('',(#523),#2419,.F.);
#2576=ADVANCED_FACE('',(#524),#2420,.F.);
#2577=ADVANCED_FACE('',(#525),#2421,.F.);
#2578=ADVANCED_FACE('',(#526),#2422,.F.);
#2579=ADVANCED_FACE('',(#527),#2423,.F.);
#2580=ADVANCED_FACE('',(#528),#2424,.F.);
#2581=ADVANCED_FACE('',(#529,#120),#2425,.F.);
#2582=ADVANCED_FACE('',(#530),#2426,.T.);
#2583=CLOSED_SHELL('',(#2427,#2428,#2429,#2430,#2431,#2432));
#2584=CLOSED_SHELL('',(#2433,#2434,#2435,#2436,#2437,#2438,#2439));
#2585=CLOSED_SHELL('',(#2440,#2441,#2442));
#2586=CLOSED_SHELL('',(#2443,#2444,#2445,#2446,#2447,#2448,#2449,#2450));
#2587=CLOSED_SHELL('',(#2451,#2452,#2453));
#2588=CLOSED_SHELL('',(#2454,#2455,#2456,#2457,#2458,#2459,#2460,#2461,
#2462,#2463,#2464,#2465,#2466,#2467,#2468));
#2589=CLOSED_SHELL('',(#2469,#2470,#2471));
#2590=CLOSED_SHELL('',(#2472,#2473,#2474,#2475,#2476,#2477,#2478,#2479,
#2480,#2481,#2482,#2483));
#2591=CLOSED_SHELL('',(#2484,#2485,#2486));
#2592=CLOSED_SHELL('',(#2487,#2488,#2489,#2490,#2491,#2492,#2493));
#2593=CLOSED_SHELL('',(#2494,#2495,#2496));
#2594=CLOSED_SHELL('',(#2497,#2498,#2499,#2500,#2501,#2502,#2503,#2504,
#2505,#2506,#2507));
#2595=CLOSED_SHELL('',(#2508,#2509,#2510,#2511,#2512,#2513,#2514));
#2596=CLOSED_SHELL('',(#2515,#2516,#2517));
#2597=CLOSED_SHELL('',(#2518,#2519,#2520,#2521,#2522,#2523,#2524,#2525));
#2598=CLOSED_SHELL('',(#2526,#2527,#2528));
#2599=CLOSED_SHELL('',(#2529,#2530,#2531,#2532,#2533,#2534,#2535,#2536,
#2537,#2538,#2539,#2540,#2541,#2542,#2543));
#2600=CLOSED_SHELL('',(#2544,#2545,#2546));
#2601=CLOSED_SHELL('',(#2547,#2548,#2549,#2550,#2551,#2552,#2553,#2554,
#2555,#2556,#2557,#2558));
#2602=CLOSED_SHELL('',(#2559,#2560,#2561));
#2603=CLOSED_SHELL('',(#2562,#2563,#2564,#2565,#2566,#2567,#2568));
#2604=CLOSED_SHELL('',(#2569,#2570,#2571));
#2605=CLOSED_SHELL('',(#2572,#2573,#2574,#2575,#2576,#2577,#2578,#2579,
#2580,#2581,#2582));
#2606=DERIVED_UNIT_ELEMENT(#2652,1.);
#2607=DERIVED_UNIT_ELEMENT(#4803,-3.);
#2608=DERIVED_UNIT_ELEMENT(#2652,1.);
#2609=DERIVED_UNIT_ELEMENT(#4803,-3.);
#2610=DERIVED_UNIT_ELEMENT(#2652,1.);
#2611=DERIVED_UNIT_ELEMENT(#4803,-3.);
#2612=DERIVED_UNIT_ELEMENT(#2652,1.);
#2613=DERIVED_UNIT_ELEMENT(#4803,-3.);
#2614=DERIVED_UNIT_ELEMENT(#2652,1.);
#2615=DERIVED_UNIT_ELEMENT(#4803,-3.);
#2616=DERIVED_UNIT_ELEMENT(#2652,1.);
#2617=DERIVED_UNIT_ELEMENT(#4803,-3.);
#2618=DERIVED_UNIT_ELEMENT(#2652,1.);
#2619=DERIVED_UNIT_ELEMENT(#4803,-3.);
#2620=DERIVED_UNIT_ELEMENT(#2652,1.);
#2621=DERIVED_UNIT_ELEMENT(#4803,-3.);
#2622=DERIVED_UNIT_ELEMENT(#2652,1.);
#2623=DERIVED_UNIT_ELEMENT(#4803,-3.);
#2624=DERIVED_UNIT_ELEMENT(#2652,1.);
#2625=DERIVED_UNIT_ELEMENT(#4803,-3.);
#2626=DERIVED_UNIT_ELEMENT(#2652,1.);
#2627=DERIVED_UNIT_ELEMENT(#4803,-3.);
#2628=DERIVED_UNIT_ELEMENT(#2652,1.);
#2629=DERIVED_UNIT_ELEMENT(#4803,-3.);
#2630=DERIVED_UNIT_ELEMENT(#2652,1.);
#2631=DERIVED_UNIT_ELEMENT(#4803,-3.);
#2632=DERIVED_UNIT_ELEMENT(#2652,1.);
#2633=DERIVED_UNIT_ELEMENT(#4803,-3.);
#2634=DERIVED_UNIT_ELEMENT(#2652,1.);
#2635=DERIVED_UNIT_ELEMENT(#4803,-3.);
#2636=DERIVED_UNIT_ELEMENT(#2652,1.);
#2637=DERIVED_UNIT_ELEMENT(#4803,-3.);
#2638=DERIVED_UNIT_ELEMENT(#2652,1.);
#2639=DERIVED_UNIT_ELEMENT(#4803,-3.);
#2640=DERIVED_UNIT_ELEMENT(#2652,1.);
#2641=DERIVED_UNIT_ELEMENT(#4803,-3.);
#2642=DERIVED_UNIT_ELEMENT(#2652,1.);
#2643=DERIVED_UNIT_ELEMENT(#4803,-3.);
#2644=DERIVED_UNIT_ELEMENT(#2652,1.);
#2645=DERIVED_UNIT_ELEMENT(#4803,-3.);
#2646=DERIVED_UNIT_ELEMENT(#2652,1.);
#2647=DERIVED_UNIT_ELEMENT(#4803,-3.);
#2648=DERIVED_UNIT_ELEMENT(#2652,1.);
#2649=DERIVED_UNIT_ELEMENT(#4803,-3.);
#2650=DERIVED_UNIT_ELEMENT(#2652,1.);
#2651=DERIVED_UNIT_ELEMENT(#4803,-3.);
#2652=(
MASS_UNIT()
NAMED_UNIT(*)
SI_UNIT(.KILO.,.GRAM.)
);
#2653=DERIVED_UNIT((#2606,#2607));
#2654=DERIVED_UNIT((#2608,#2609));
#2655=DERIVED_UNIT((#2610,#2611));
#2656=DERIVED_UNIT((#2612,#2613));
#2657=DERIVED_UNIT((#2614,#2615));
#2658=DERIVED_UNIT((#2616,#2617));
#2659=DERIVED_UNIT((#2618,#2619));
#2660=DERIVED_UNIT((#2620,#2621));
#2661=DERIVED_UNIT((#2622,#2623));
#2662=DERIVED_UNIT((#2624,#2625));
#2663=DERIVED_UNIT((#2626,#2627));
#2664=DERIVED_UNIT((#2628,#2629));
#2665=DERIVED_UNIT((#2630,#2631));
#2666=DERIVED_UNIT((#2632,#2633));
#2667=DERIVED_UNIT((#2634,#2635));
#2668=DERIVED_UNIT((#2636,#2637));
#2669=DERIVED_UNIT((#2638,#2639));
#2670=DERIVED_UNIT((#2640,#2641));
#2671=DERIVED_UNIT((#2642,#2643));
#2672=DERIVED_UNIT((#2644,#2645));
#2673=DERIVED_UNIT((#2646,#2647));
#2674=DERIVED_UNIT((#2648,#2649));
#2675=DERIVED_UNIT((#2650,#2651));
#2676=MEASURE_REPRESENTATION_ITEM('density measure',
POSITIVE_RATIO_MEASURE(7850.),#2653);
#2677=MEASURE_REPRESENTATION_ITEM('density measure',
POSITIVE_RATIO_MEASURE(7850.),#2654);
#2678=MEASURE_REPRESENTATION_ITEM('density measure',
POSITIVE_RATIO_MEASURE(7850.),#2655);
#2679=MEASURE_REPRESENTATION_ITEM('density measure',
POSITIVE_RATIO_MEASURE(7850.),#2656);
#2680=MEASURE_REPRESENTATION_ITEM('density measure',
POSITIVE_RATIO_MEASURE(7850.),#2657);
#2681=MEASURE_REPRESENTATION_ITEM('density measure',
POSITIVE_RATIO_MEASURE(1160.),#2658);
#2682=MEASURE_REPRESENTATION_ITEM('density measure',
POSITIVE_RATIO_MEASURE(7850.),#2659);
#2683=MEASURE_REPRESENTATION_ITEM('density measure',
POSITIVE_RATIO_MEASURE(190.),#2660);
#2684=MEASURE_REPRESENTATION_ITEM('density measure',
POSITIVE_RATIO_MEASURE(7850.),#2661);
#2685=MEASURE_REPRESENTATION_ITEM('density measure',
POSITIVE_RATIO_MEASURE(7850.),#2662);
#2686=MEASURE_REPRESENTATION_ITEM('density measure',
POSITIVE_RATIO_MEASURE(7850.),#2663);
#2687=MEASURE_REPRESENTATION_ITEM('density measure',
POSITIVE_RATIO_MEASURE(7850.),#2664);
#2688=MEASURE_REPRESENTATION_ITEM('density measure',
POSITIVE_RATIO_MEASURE(7850.),#2665);
#2689=MEASURE_REPRESENTATION_ITEM('density measure',
POSITIVE_RATIO_MEASURE(7850.),#2666);
#2690=MEASURE_REPRESENTATION_ITEM('density measure',
POSITIVE_RATIO_MEASURE(7850.),#2667);
#2691=MEASURE_REPRESENTATION_ITEM('density measure',
POSITIVE_RATIO_MEASURE(7850.),#2668);
#2692=MEASURE_REPRESENTATION_ITEM('density measure',
POSITIVE_RATIO_MEASURE(7850.),#2669);
#2693=MEASURE_REPRESENTATION_ITEM('density measure',
POSITIVE_RATIO_MEASURE(7850.),#2670);
#2694=MEASURE_REPRESENTATION_ITEM('density measure',
POSITIVE_RATIO_MEASURE(7850.),#2671);
#2695=MEASURE_REPRESENTATION_ITEM('density measure',
POSITIVE_RATIO_MEASURE(7850.),#2672);
#2696=MEASURE_REPRESENTATION_ITEM('density measure',
POSITIVE_RATIO_MEASURE(7850.),#2673);
#2697=MEASURE_REPRESENTATION_ITEM('density measure',
POSITIVE_RATIO_MEASURE(7850.),#2674);
#2698=MEASURE_REPRESENTATION_ITEM('density measure',
POSITIVE_RATIO_MEASURE(7850.),#2675);
#2699=PROPERTY_DEFINITION_REPRESENTATION(#2814,#2745);
#2700=PROPERTY_DEFINITION_REPRESENTATION(#2815,#2746);
#2701=PROPERTY_DEFINITION_REPRESENTATION(#2816,#2747);
#2702=PROPERTY_DEFINITION_REPRESENTATION(#2817,#2748);
#2703=PROPERTY_DEFINITION_REPRESENTATION(#2818,#2749);
#2704=PROPERTY_DEFINITION_REPRESENTATION(#2819,#2750);
#2705=PROPERTY_DEFINITION_REPRESENTATION(#2820,#2751);
#2706=PROPERTY_DEFINITION_REPRESENTATION(#2821,#2752);
#2707=PROPERTY_DEFINITION_REPRESENTATION(#2822,#2753);
#2708=PROPERTY_DEFINITION_REPRESENTATION(#2823,#2754);
#2709=PROPERTY_DEFINITION_REPRESENTATION(#2824,#2755);
#2710=PROPERTY_DEFINITION_REPRESENTATION(#2825,#2756);
#2711=PROPERTY_DEFINITION_REPRESENTATION(#2826,#2757);
#2712=PROPERTY_DEFINITION_REPRESENTATION(#2827,#2758);
#2713=PROPERTY_DEFINITION_REPRESENTATION(#2828,#2759);
#2714=PROPERTY_DEFINITION_REPRESENTATION(#2829,#2760);
#2715=PROPERTY_DEFINITION_REPRESENTATION(#2830,#2761);
#2716=PROPERTY_DEFINITION_REPRESENTATION(#2831,#2762);
#2717=PROPERTY_DEFINITION_REPRESENTATION(#2832,#2763);
#2718=PROPERTY_DEFINITION_REPRESENTATION(#2833,#2764);
#2719=PROPERTY_DEFINITION_REPRESENTATION(#2834,#2765);
#2720=PROPERTY_DEFINITION_REPRESENTATION(#2835,#2766);
#2721=PROPERTY_DEFINITION_REPRESENTATION(#2836,#2767);
#2722=PROPERTY_DEFINITION_REPRESENTATION(#2837,#2768);
#2723=PROPERTY_DEFINITION_REPRESENTATION(#2838,#2769);
#2724=PROPERTY_DEFINITION_REPRESENTATION(#2839,#2770);
#2725=PROPERTY_DEFINITION_REPRESENTATION(#2840,#2771);
#2726=PROPERTY_DEFINITION_REPRESENTATION(#2841,#2772);
#2727=PROPERTY_DEFINITION_REPRESENTATION(#2842,#2773);
#2728=PROPERTY_DEFINITION_REPRESENTATION(#2843,#2774);
#2729=PROPERTY_DEFINITION_REPRESENTATION(#2844,#2775);
#2730=PROPERTY_DEFINITION_REPRESENTATION(#2845,#2776);
#2731=PROPERTY_DEFINITION_REPRESENTATION(#2846,#2777);
#2732=PROPERTY_DEFINITION_REPRESENTATION(#2847,#2778);
#2733=PROPERTY_DEFINITION_REPRESENTATION(#2848,#2779);
#2734=PROPERTY_DEFINITION_REPRESENTATION(#2849,#2780);
#2735=PROPERTY_DEFINITION_REPRESENTATION(#2850,#2781);
#2736=PROPERTY_DEFINITION_REPRESENTATION(#2851,#2782);
#2737=PROPERTY_DEFINITION_REPRESENTATION(#2852,#2783);
#2738=PROPERTY_DEFINITION_REPRESENTATION(#2853,#2784);
#2739=PROPERTY_DEFINITION_REPRESENTATION(#2854,#2785);
#2740=PROPERTY_DEFINITION_REPRESENTATION(#2855,#2786);
#2741=PROPERTY_DEFINITION_REPRESENTATION(#2856,#2787);
#2742=PROPERTY_DEFINITION_REPRESENTATION(#2857,#2788);
#2743=PROPERTY_DEFINITION_REPRESENTATION(#2858,#2789);
#2744=PROPERTY_DEFINITION_REPRESENTATION(#2859,#2790);
#2745=REPRESENTATION('material name',(#2791),#4778);
#2746=REPRESENTATION('density',(#2676),#4778);
#2747=REPRESENTATION('material name',(#2792),#4779);
#2748=REPRESENTATION('density',(#2677),#4779);
#2749=REPRESENTATION('material name',(#2793),#4780);
#2750=REPRESENTATION('density',(#2678),#4780);
#2751=REPRESENTATION('material name',(#2794),#4781);
#2752=REPRESENTATION('density',(#2679),#4781);
#2753=REPRESENTATION('material name',(#2795),#4782);
#2754=REPRESENTATION('density',(#2680),#4782);
#2755=REPRESENTATION('material name',(#2796),#4783);
#2756=REPRESENTATION('density',(#2681),#4783);
#2757=REPRESENTATION('material name',(#2797),#4784);
#2758=REPRESENTATION('density',(#2682),#4784);
#2759=REPRESENTATION('material name',(#2798),#4785);
#2760=REPRESENTATION('density',(#2683),#4785);
#2761=REPRESENTATION('material name',(#2799),#4786);
#2762=REPRESENTATION('density',(#2684),#4786);
#2763=REPRESENTATION('material name',(#2800),#4787);
#2764=REPRESENTATION('density',(#2685),#4787);
#2765=REPRESENTATION('material name',(#2801),#4788);
#2766=REPRESENTATION('density',(#2686),#4788);
#2767=REPRESENTATION('material name',(#2802),#4789);
#2768=REPRESENTATION('density',(#2687),#4789);
#2769=REPRESENTATION('material name',(#2803),#4790);
#2770=REPRESENTATION('density',(#2688),#4790);
#2771=REPRESENTATION('material name',(#2804),#4791);
#2772=REPRESENTATION('density',(#2689),#4791);
#2773=REPRESENTATION('material name',(#2805),#4792);
#2774=REPRESENTATION('density',(#2690),#4792);
#2775=REPRESENTATION('material name',(#2806),#4793);
#2776=REPRESENTATION('density',(#2691),#4793);
#2777=REPRESENTATION('material name',(#2807),#4794);
#2778=REPRESENTATION('density',(#2692),#4794);
#2779=REPRESENTATION('material name',(#2808),#4795);
#2780=REPRESENTATION('density',(#2693),#4795);
#2781=REPRESENTATION('material name',(#2809),#4796);
#2782=REPRESENTATION('density',(#2694),#4796);
#2783=REPRESENTATION('material name',(#2810),#4797);
#2784=REPRESENTATION('density',(#2695),#4797);
#2785=REPRESENTATION('material name',(#2811),#4798);
#2786=REPRESENTATION('density',(#2696),#4798);
#2787=REPRESENTATION('material name',(#2812),#4799);
#2788=REPRESENTATION('density',(#2697),#4799);
#2789=REPRESENTATION('material name',(#2813),#4800);
#2790=REPRESENTATION('density',(#2698),#4800);
#2791=DESCRIPTIVE_REPRESENTATION_ITEM('\X2\AC15CCA0\X0\','\X2\AC15CCA0\X0\');
#2792=DESCRIPTIVE_REPRESENTATION_ITEM('\X2\AC15CCA0\X0\','\X2\AC15CCA0\X0\');
#2793=DESCRIPTIVE_REPRESENTATION_ITEM('\X2\AC15CCA0\X0\','\X2\AC15CCA0\X0\');
#2794=DESCRIPTIVE_REPRESENTATION_ITEM('\X2\AC15CCA0\X0\','\X2\AC15CCA0\X0\');
#2795=DESCRIPTIVE_REPRESENTATION_ITEM('\X2\AC15CCA0\X0\','\X2\AC15CCA0\X0\');
#2796=DESCRIPTIVE_REPRESENTATION_ITEM(
'EPX 82(\X2\D0C4C18C\X0\ M2 M3 L1 3D \X2\D504B9B0D130\X0\ \X2\D3ECD568\X0\)',
'EPX 82(\X2\D0C4C18C\X0\ M2 M3 L1 3D \X2\D504B9B0D130\X0\ \X2\D3ECD568\X0\)');
#2797=DESCRIPTIVE_REPRESENTATION_ITEM('\X2\AC15CCA0\X0\','\X2\AC15CCA0\X0\');
#2798=DESCRIPTIVE_REPRESENTATION_ITEM('\X2\CE74D3AB\X0\','\X2\CE74D3AB\X0\');
#2799=DESCRIPTIVE_REPRESENTATION_ITEM('\X2\AC15CCA0\X0\','\X2\AC15CCA0\X0\');
#2800=DESCRIPTIVE_REPRESENTATION_ITEM('\X2\AC15CCA0\X0\','\X2\AC15CCA0\X0\');
#2801=DESCRIPTIVE_REPRESENTATION_ITEM('\X2\AC15CCA0\X0\','\X2\AC15CCA0\X0\');
#2802=DESCRIPTIVE_REPRESENTATION_ITEM('\X2\AC15CCA0\X0\','\X2\AC15CCA0\X0\');
#2803=DESCRIPTIVE_REPRESENTATION_ITEM('\X2\AC15CCA0\X0\','\X2\AC15CCA0\X0\');
#2804=DESCRIPTIVE_REPRESENTATION_ITEM('\X2\AC15CCA0\X0\','\X2\AC15CCA0\X0\');
#2805=DESCRIPTIVE_REPRESENTATION_ITEM('\X2\AC15CCA0\X0\','\X2\AC15CCA0\X0\');
#2806=DESCRIPTIVE_REPRESENTATION_ITEM('\X2\AC15CCA0\X0\','\X2\AC15CCA0\X0\');
#2807=DESCRIPTIVE_REPRESENTATION_ITEM('\X2\AC15CCA0\X0\','\X2\AC15CCA0\X0\');
#2808=DESCRIPTIVE_REPRESENTATION_ITEM('\X2\AC15CCA0\X0\','\X2\AC15CCA0\X0\');
#2809=DESCRIPTIVE_REPRESENTATION_ITEM('\X2\AC15CCA0\X0\','\X2\AC15CCA0\X0\');
#2810=DESCRIPTIVE_REPRESENTATION_ITEM('\X2\AC15CCA0\X0\','\X2\AC15CCA0\X0\');
#2811=DESCRIPTIVE_REPRESENTATION_ITEM('\X2\AC15CCA0\X0\','\X2\AC15CCA0\X0\');
#2812=DESCRIPTIVE_REPRESENTATION_ITEM('\X2\AC15CCA0\X0\','\X2\AC15CCA0\X0\');
#2813=DESCRIPTIVE_REPRESENTATION_ITEM('\X2\AC15CCA0\X0\','\X2\AC15CCA0\X0\');
#2814=PROPERTY_DEFINITION('material property','material name',#4903);
#2815=PROPERTY_DEFINITION('material property','density of part',#4903);
#2816=PROPERTY_DEFINITION('material property','material name',#4904);
#2817=PROPERTY_DEFINITION('material property','density of part',#4904);
#2818=PROPERTY_DEFINITION('material property','material name',#4905);
#2819=PROPERTY_DEFINITION('material property','density of part',#4905);
#2820=PROPERTY_DEFINITION('material property','material name',#4906);
#2821=PROPERTY_DEFINITION('material property','density of part',#4906);
#2822=PROPERTY_DEFINITION('material property','material name',#4907);
#2823=PROPERTY_DEFINITION('material property','density of part',#4907);
#2824=PROPERTY_DEFINITION('material property','material name',#4908);
#2825=PROPERTY_DEFINITION('material property','density of part',#4908);
#2826=PROPERTY_DEFINITION('material property','material name',#4909);
#2827=PROPERTY_DEFINITION('material property','density of part',#4909);
#2828=PROPERTY_DEFINITION('material property','material name',#4910);
#2829=PROPERTY_DEFINITION('material property','density of part',#4910);
#2830=PROPERTY_DEFINITION('material property','material name',#4911);
#2831=PROPERTY_DEFINITION('material property','density of part',#4911);
#2832=PROPERTY_DEFINITION('material property','material name',#4912);
#2833=PROPERTY_DEFINITION('material property','density of part',#4912);
#2834=PROPERTY_DEFINITION('material property','material name',#4913);
#2835=PROPERTY_DEFINITION('material property','density of part',#4913);
#2836=PROPERTY_DEFINITION('material property','material name',#4914);
#2837=PROPERTY_DEFINITION('material property','density of part',#4914);
#2838=PROPERTY_DEFINITION('material property','material name',#4915);
#2839=PROPERTY_DEFINITION('material property','density of part',#4915);
#2840=PROPERTY_DEFINITION('material property','material name',#4916);
#2841=PROPERTY_DEFINITION('material property','density of part',#4916);
#2842=PROPERTY_DEFINITION('material property','material name',#4917);
#2843=PROPERTY_DEFINITION('material property','density of part',#4917);
#2844=PROPERTY_DEFINITION('material property','material name',#4918);
#2845=PROPERTY_DEFINITION('material property','density of part',#4918);
#2846=PROPERTY_DEFINITION('material property','material name',#4919);
#2847=PROPERTY_DEFINITION('material property','density of part',#4919);
#2848=PROPERTY_DEFINITION('material property','material name',#4920);
#2849=PROPERTY_DEFINITION('material property','density of part',#4920);
#2850=PROPERTY_DEFINITION('material property','material name',#4921);
#2851=PROPERTY_DEFINITION('material property','density of part',#4921);
#2852=PROPERTY_DEFINITION('material property','material name',#4922);
#2853=PROPERTY_DEFINITION('material property','density of part',#4922);
#2854=PROPERTY_DEFINITION('material property','material name',#4923);
#2855=PROPERTY_DEFINITION('material property','density of part',#4923);
#2856=PROPERTY_DEFINITION('material property','material name',#4924);
#2857=PROPERTY_DEFINITION('material property','density of part',#4924);
#2858=PROPERTY_DEFINITION('material property','material name',#4925);
#2859=PROPERTY_DEFINITION('material property','density of part',#4925);
#2860=AXIS2_PLACEMENT_3D('',#4009,#3171,#3172);
#2861=AXIS2_PLACEMENT_3D('',#4010,#3173,#3174);
#2862=AXIS2_PLACEMENT_3D('',#4011,#3175,#3176);
#2863=AXIS2_PLACEMENT_3D('',#4020,#3181,#3182);
#2864=AXIS2_PLACEMENT_3D('',#4026,#3186,#3187);
#2865=AXIS2_PLACEMENT_3D('',#4032,#3191,#3192);
#2866=AXIS2_PLACEMENT_3D('',#4035,#3195,#3196);
#2867=AXIS2_PLACEMENT_3D('',#4036,#3197,#3198);
#2868=AXIS2_PLACEMENT_3D('',#4037,#3199,#3200);
#2869=AXIS2_PLACEMENT_3D('',#4038,#3201,#3202);
#2870=AXIS2_PLACEMENT_3D('',#4040,#3203,#3204);
#2871=AXIS2_PLACEMENT_3D('',#4043,#3206,#3207);
#2872=AXIS2_PLACEMENT_3D('',#4044,#3208,#3209);
#2873=AXIS2_PLACEMENT_3D('',#4053,#3214,#3215);
#2874=AXIS2_PLACEMENT_3D('',#4059,#3219,#3220);
#2875=AXIS2_PLACEMENT_3D('',#4061,#3221,#3222);
#2876=AXIS2_PLACEMENT_3D('',#4063,#3223,#3224);
#2877=AXIS2_PLACEMENT_3D('',#4065,#3226,#3227);
#2878=AXIS2_PLACEMENT_3D('',#4068,#3230,#3231);
#2879=AXIS2_PLACEMENT_3D('',#4069,#3232,#3233);
#2880=AXIS2_PLACEMENT_3D('',#4070,#3234,#3235);
#2881=AXIS2_PLACEMENT_3D('',#4071,#3236,#3237);
#2882=AXIS2_PLACEMENT_3D('',#4073,#3238,#3239);
#2883=AXIS2_PLACEMENT_3D('',#4076,#3241,#3242);
#2884=AXIS2_PLACEMENT_3D('',#4077,#3243,#3244);
#2885=AXIS2_PLACEMENT_3D('',#4078,#3245,#3246);
#2886=AXIS2_PLACEMENT_3D('',#4079,#3247,#3248);
#2887=AXIS2_PLACEMENT_3D('',#4080,#3249,#3250);
#2888=AXIS2_PLACEMENT_3D('',#4088,#3254,#3255);
#2889=AXIS2_PLACEMENT_3D('',#4090,#3256,#3257);
#2890=AXIS2_PLACEMENT_3D('',#4091,#3258,#3259);
#2891=AXIS2_PLACEMENT_3D('',#4095,#3261,#3262);
#2892=AXIS2_PLACEMENT_3D('',#4097,#3264,#3265);
#2893=AXIS2_PLACEMENT_3D('',#4099,#3266,#3267);
#2894=AXIS2_PLACEMENT_3D('',#4101,#3269,#3270);
#2895=AXIS2_PLACEMENT_3D('',#4107,#3274,#3275);
#2896=AXIS2_PLACEMENT_3D('',#4108,#3276,#3277);
#2897=AXIS2_PLACEMENT_3D('',#4110,#3278,#3279);
#2898=AXIS2_PLACEMENT_3D('',#4111,#3280,#3281);
#2899=AXIS2_PLACEMENT_3D('',#4113,#3282,#3283);
#2900=AXIS2_PLACEMENT_3D('',#4115,#3285,#3286);
#2901=AXIS2_PLACEMENT_3D('',#4116,#3287,#3288);
#2902=AXIS2_PLACEMENT_3D('',#4117,#3289,#3290);
#2903=AXIS2_PLACEMENT_3D('',#4118,#3291,#3292);
#2904=AXIS2_PLACEMENT_3D('',#4119,#3293,#3294);
#2905=AXIS2_PLACEMENT_3D('',#4121,#3295,#3296);
#2906=AXIS2_PLACEMENT_3D('',#4124,#3298,#3299);
#2907=AXIS2_PLACEMENT_3D('',#4125,#3300,#3301);
#2908=AXIS2_PLACEMENT_3D('',#4126,#3302,#3303);
#2909=AXIS2_PLACEMENT_3D('',#4127,#3304,#3305);
#2910=AXIS2_PLACEMENT_3D('',#4128,#3306,#3307);
#2911=AXIS2_PLACEMENT_3D('',#4131,#3308,#3309);
#2912=AXIS2_PLACEMENT_3D('',#4135,#3311,#3312);
#2913=AXIS2_PLACEMENT_3D('',#4137,#3314,#3315);
#2914=AXIS2_PLACEMENT_3D('',#4141,#3317,#3318);
#2915=AXIS2_PLACEMENT_3D('',#4143,#3319,#3320);
#2916=AXIS2_PLACEMENT_3D('',#4147,#3322,#3323);
#2917=AXIS2_PLACEMENT_3D('',#4151,#3325,#3326);
#2918=AXIS2_PLACEMENT_3D('',#4153,#3328,#3329);
#2919=AXIS2_PLACEMENT_3D('',#4157,#3332,#3333);
#2920=AXIS2_PLACEMENT_3D('',#4169,#3340,#3341);
#2921=AXIS2_PLACEMENT_3D('',#4173,#3343,#3344);
#2922=AXIS2_PLACEMENT_3D('',#4175,#3346,#3347);
#2923=AXIS2_PLACEMENT_3D('',#4179,#3350,#3351);
#2924=AXIS2_PLACEMENT_3D('',#4180,#3352,#3353);
#2925=AXIS2_PLACEMENT_3D('',#4181,#3354,#3355);
#2926=AXIS2_PLACEMENT_3D('',#4193,#3362,#3363);
#2927=AXIS2_PLACEMENT_3D('',#4196,#3365,#3366);
#2928=AXIS2_PLACEMENT_3D('',#4197,#3367,#3368);
#2929=AXIS2_PLACEMENT_3D('',#4198,#3369,#3370);
#2930=AXIS2_PLACEMENT_3D('',#4199,#3371,#3372);
#2931=AXIS2_PLACEMENT_3D('',#4200,#3373,#3374);
#2932=AXIS2_PLACEMENT_3D('',#4201,#3375,#3376);
#2933=AXIS2_PLACEMENT_3D('',#4202,#3377,#3378);
#2934=AXIS2_PLACEMENT_3D('',#4203,#3379,#3380);
#2935=AXIS2_PLACEMENT_3D('',#4204,#3381,#3382);
#2936=AXIS2_PLACEMENT_3D('',#4205,#3383,#3384);
#2937=AXIS2_PLACEMENT_3D('',#4206,#3385,#3386);
#2938=AXIS2_PLACEMENT_3D('',#4207,#3387,#3388);
#2939=AXIS2_PLACEMENT_3D('',#4208,#3389,#3390);
#2940=AXIS2_PLACEMENT_3D('',#4209,#3391,#3392);
#2941=AXIS2_PLACEMENT_3D('',#4211,#3393,#3394);
#2942=AXIS2_PLACEMENT_3D('',#4214,#3396,#3397);
#2943=AXIS2_PLACEMENT_3D('',#4215,#3398,#3399);
#2944=AXIS2_PLACEMENT_3D('',#4216,#3400,#3401);
#2945=AXIS2_PLACEMENT_3D('',#4217,#3402,#3403);
#2946=AXIS2_PLACEMENT_3D('',#4218,#3404,#3405);
#2947=AXIS2_PLACEMENT_3D('',#4239,#3416,#3417);
#2948=AXIS2_PLACEMENT_3D('',#4241,#3418,#3419);
#2949=AXIS2_PLACEMENT_3D('',#4244,#3421,#3422);
#2950=AXIS2_PLACEMENT_3D('',#4245,#3423,#3424);
#2951=AXIS2_PLACEMENT_3D('',#4247,#3425,#3426);
#2952=AXIS2_PLACEMENT_3D('',#4249,#3428,#3429);
#2953=AXIS2_PLACEMENT_3D('',#4265,#3438,#3439);
#2954=AXIS2_PLACEMENT_3D('',#4266,#3440,#3441);
#2955=AXIS2_PLACEMENT_3D('',#4267,#3442,#3443);
#2956=AXIS2_PLACEMENT_3D('',#4268,#3444,#3445);
#2957=AXIS2_PLACEMENT_3D('',#4269,#3446,#3447);
#2958=AXIS2_PLACEMENT_3D('',#4270,#3448,#3449);
#2959=AXIS2_PLACEMENT_3D('',#4271,#3450,#3451);
#2960=AXIS2_PLACEMENT_3D('',#4272,#3452,#3453);
#2961=AXIS2_PLACEMENT_3D('',#4273,#3454,#3455);
#2962=AXIS2_PLACEMENT_3D('',#4274,#3456,#3457);
#2963=AXIS2_PLACEMENT_3D('',#4275,#3458,#3459);
#2964=AXIS2_PLACEMENT_3D('',#4276,#3460,#3461);
#2965=AXIS2_PLACEMENT_3D('',#4277,#3462,#3463);
#2966=AXIS2_PLACEMENT_3D('',#4278,#3464,#3465);
#2967=AXIS2_PLACEMENT_3D('',#4279,#3466,#3467);
#2968=AXIS2_PLACEMENT_3D('',#4280,#3468,#3469);
#2969=AXIS2_PLACEMENT_3D('',#4281,#3470,#3471);
#2970=AXIS2_PLACEMENT_3D('',#4283,#3472,#3473);
#2971=AXIS2_PLACEMENT_3D('',#4286,#3475,#3476);
#2972=AXIS2_PLACEMENT_3D('',#4287,#3477,#3478);
#2973=AXIS2_PLACEMENT_3D('',#4288,#3479,#3480);
#2974=AXIS2_PLACEMENT_3D('',#4289,#3481,#3482);
#2975=AXIS2_PLACEMENT_3D('',#4290,#3483,#3484);
#2976=AXIS2_PLACEMENT_3D('',#4293,#3485,#3486);
#2977=AXIS2_PLACEMENT_3D('',#4297,#3488,#3489);
#2978=AXIS2_PLACEMENT_3D('',#4300,#3491,#3492);
#2979=AXIS2_PLACEMENT_3D('',#4301,#3493,#3494);
#2980=AXIS2_PLACEMENT_3D('',#4303,#3495,#3496);
#2981=AXIS2_PLACEMENT_3D('',#4305,#3498,#3499);
#2982=AXIS2_PLACEMENT_3D('',#4311,#3503,#3504);
#2983=AXIS2_PLACEMENT_3D('',#4313,#3505,#3506);
#2984=AXIS2_PLACEMENT_3D('',#4315,#3508,#3509);
#2985=AXIS2_PLACEMENT_3D('',#4319,#3512,#3513);
#2986=AXIS2_PLACEMENT_3D('',#4320,#3514,#3515);
#2987=AXIS2_PLACEMENT_3D('',#4321,#3516,#3517);
#2988=AXIS2_PLACEMENT_3D('',#4322,#3518,#3519);
#2989=AXIS2_PLACEMENT_3D('',#4323,#3520,#3521);
#2990=AXIS2_PLACEMENT_3D('',#4325,#3522,#3523);
#2991=AXIS2_PLACEMENT_3D('',#4328,#3525,#3526);
#2992=AXIS2_PLACEMENT_3D('',#4329,#3527,#3528);
#2993=AXIS2_PLACEMENT_3D('',#4330,#3529,#3530);
#2994=AXIS2_PLACEMENT_3D('',#4331,#3531,#3532);
#2995=AXIS2_PLACEMENT_3D('',#4332,#3533,#3534);
#2996=AXIS2_PLACEMENT_3D('',#4335,#3535,#3536);
#2997=AXIS2_PLACEMENT_3D('',#4339,#3538,#3539);
#2998=AXIS2_PLACEMENT_3D('',#4341,#3541,#3542);
#2999=AXIS2_PLACEMENT_3D('',#4347,#3546,#3547);
#3000=AXIS2_PLACEMENT_3D('',#4351,#3550,#3551);
#3001=AXIS2_PLACEMENT_3D('',#4355,#3554,#3555);
#3002=AXIS2_PLACEMENT_3D('',#4357,#3557,#3558);
#3003=AXIS2_PLACEMENT_3D('',#4366,#3563,#3564);
#3004=AXIS2_PLACEMENT_3D('',#4372,#3568,#3569);
#3005=AXIS2_PLACEMENT_3D('',#4378,#3573,#3574);
#3006=AXIS2_PLACEMENT_3D('',#4381,#3577,#3578);
#3007=AXIS2_PLACEMENT_3D('',#4382,#3579,#3580);
#3008=AXIS2_PLACEMENT_3D('',#4383,#3581,#3582);
#3009=AXIS2_PLACEMENT_3D('',#4384,#3583,#3584);
#3010=AXIS2_PLACEMENT_3D('',#4386,#3585,#3586);
#3011=AXIS2_PLACEMENT_3D('',#4389,#3588,#3589);
#3012=AXIS2_PLACEMENT_3D('',#4390,#3590,#3591);
#3013=AXIS2_PLACEMENT_3D('',#4399,#3596,#3597);
#3014=AXIS2_PLACEMENT_3D('',#4405,#3601,#3602);
#3015=AXIS2_PLACEMENT_3D('',#4407,#3603,#3604);
#3016=AXIS2_PLACEMENT_3D('',#4410,#3606,#3607);
#3017=AXIS2_PLACEMENT_3D('',#4411,#3608,#3609);
#3018=AXIS2_PLACEMENT_3D('',#4414,#3612,#3613);
#3019=AXIS2_PLACEMENT_3D('',#4415,#3614,#3615);
#3020=AXIS2_PLACEMENT_3D('',#4416,#3616,#3617);
#3021=AXIS2_PLACEMENT_3D('',#4417,#3618,#3619);
#3022=AXIS2_PLACEMENT_3D('',#4419,#3620,#3621);
#3023=AXIS2_PLACEMENT_3D('',#4422,#3623,#3624);
#3024=AXIS2_PLACEMENT_3D('',#4423,#3625,#3626);
#3025=AXIS2_PLACEMENT_3D('',#4424,#3627,#3628);
#3026=AXIS2_PLACEMENT_3D('',#4425,#3629,#3630);
#3027=AXIS2_PLACEMENT_3D('',#4426,#3631,#3632);
#3028=AXIS2_PLACEMENT_3D('',#4431,#3634,#3635);
#3029=AXIS2_PLACEMENT_3D('',#4436,#3638,#3639);
#3030=AXIS2_PLACEMENT_3D('',#4437,#3640,#3641);
#3031=AXIS2_PLACEMENT_3D('',#4441,#3643,#3644);
#3032=AXIS2_PLACEMENT_3D('',#4443,#3646,#3647);
#3033=AXIS2_PLACEMENT_3D('',#4445,#3648,#3649);
#3034=AXIS2_PLACEMENT_3D('',#4447,#3651,#3652);
#3035=AXIS2_PLACEMENT_3D('',#4453,#3656,#3657);
#3036=AXIS2_PLACEMENT_3D('',#4454,#3658,#3659);
#3037=AXIS2_PLACEMENT_3D('',#4456,#3660,#3661);
#3038=AXIS2_PLACEMENT_3D('',#4457,#3662,#3663);
#3039=AXIS2_PLACEMENT_3D('',#4459,#3664,#3665);
#3040=AXIS2_PLACEMENT_3D('',#4461,#3667,#3668);
#3041=AXIS2_PLACEMENT_3D('',#4462,#3669,#3670);
#3042=AXIS2_PLACEMENT_3D('',#4463,#3671,#3672);
#3043=AXIS2_PLACEMENT_3D('',#4464,#3673,#3674);
#3044=AXIS2_PLACEMENT_3D('',#4465,#3675,#3676);
#3045=AXIS2_PLACEMENT_3D('',#4467,#3677,#3678);
#3046=AXIS2_PLACEMENT_3D('',#4470,#3680,#3681);
#3047=AXIS2_PLACEMENT_3D('',#4471,#3682,#3683);
#3048=AXIS2_PLACEMENT_3D('',#4472,#3684,#3685);
#3049=AXIS2_PLACEMENT_3D('',#4473,#3686,#3687);
#3050=AXIS2_PLACEMENT_3D('',#4474,#3688,#3689);
#3051=AXIS2_PLACEMENT_3D('',#4477,#3690,#3691);
#3052=AXIS2_PLACEMENT_3D('',#4481,#3693,#3694);
#3053=AXIS2_PLACEMENT_3D('',#4483,#3696,#3697);
#3054=AXIS2_PLACEMENT_3D('',#4487,#3699,#3700);
#3055=AXIS2_PLACEMENT_3D('',#4491,#3702,#3703);
#3056=AXIS2_PLACEMENT_3D('',#4495,#3705,#3706);
#3057=AXIS2_PLACEMENT_3D('',#4497,#3707,#3708);
#3058=AXIS2_PLACEMENT_3D('',#4499,#3710,#3711);
#3059=AXIS2_PLACEMENT_3D('',#4503,#3714,#3715);
#3060=AXIS2_PLACEMENT_3D('',#4515,#3722,#3723);
#3061=AXIS2_PLACEMENT_3D('',#4519,#3725,#3726);
#3062=AXIS2_PLACEMENT_3D('',#4521,#3728,#3729);
#3063=AXIS2_PLACEMENT_3D('',#4525,#3732,#3733);
#3064=AXIS2_PLACEMENT_3D('',#4526,#3734,#3735);
#3065=AXIS2_PLACEMENT_3D('',#4527,#3736,#3737);
#3066=AXIS2_PLACEMENT_3D('',#4539,#3744,#3745);
#3067=AXIS2_PLACEMENT_3D('',#4541,#3746,#3747);
#3068=AXIS2_PLACEMENT_3D('',#4543,#3749,#3750);
#3069=AXIS2_PLACEMENT_3D('',#4544,#3751,#3752);
#3070=AXIS2_PLACEMENT_3D('',#4545,#3753,#3754);
#3071=AXIS2_PLACEMENT_3D('',#4546,#3755,#3756);
#3072=AXIS2_PLACEMENT_3D('',#4547,#3757,#3758);
#3073=AXIS2_PLACEMENT_3D('',#4548,#3759,#3760);
#3074=AXIS2_PLACEMENT_3D('',#4549,#3761,#3762);
#3075=AXIS2_PLACEMENT_3D('',#4550,#3763,#3764);
#3076=AXIS2_PLACEMENT_3D('',#4551,#3765,#3766);
#3077=AXIS2_PLACEMENT_3D('',#4552,#3767,#3768);
#3078=AXIS2_PLACEMENT_3D('',#4553,#3769,#3770);
#3079=AXIS2_PLACEMENT_3D('',#4554,#3771,#3772);
#3080=AXIS2_PLACEMENT_3D('',#4555,#3773,#3774);
#3081=AXIS2_PLACEMENT_3D('',#4557,#3775,#3776);
#3082=AXIS2_PLACEMENT_3D('',#4560,#3778,#3779);
#3083=AXIS2_PLACEMENT_3D('',#4561,#3780,#3781);
#3084=AXIS2_PLACEMENT_3D('',#4562,#3782,#3783);
#3085=AXIS2_PLACEMENT_3D('',#4563,#3784,#3785);
#3086=AXIS2_PLACEMENT_3D('',#4564,#3786,#3787);
#3087=AXIS2_PLACEMENT_3D('',#4585,#3798,#3799);
#3088=AXIS2_PLACEMENT_3D('',#4587,#3800,#3801);
#3089=AXIS2_PLACEMENT_3D('',#4589,#3802,#3803);
#3090=AXIS2_PLACEMENT_3D('',#4591,#3805,#3806);
#3091=AXIS2_PLACEMENT_3D('',#4594,#3808,#3809);
#3092=AXIS2_PLACEMENT_3D('',#4595,#3810,#3811);
#3093=AXIS2_PLACEMENT_3D('',#4611,#3820,#3821);
#3094=AXIS2_PLACEMENT_3D('',#4612,#3822,#3823);
#3095=AXIS2_PLACEMENT_3D('',#4613,#3824,#3825);
#3096=AXIS2_PLACEMENT_3D('',#4614,#3826,#3827);
#3097=AXIS2_PLACEMENT_3D('',#4615,#3828,#3829);
#3098=AXIS2_PLACEMENT_3D('',#4616,#3830,#3831);
#3099=AXIS2_PLACEMENT_3D('',#4617,#3832,#3833);
#3100=AXIS2_PLACEMENT_3D('',#4618,#3834,#3835);
#3101=AXIS2_PLACEMENT_3D('',#4619,#3836,#3837);
#3102=AXIS2_PLACEMENT_3D('',#4620,#3838,#3839);
#3103=AXIS2_PLACEMENT_3D('',#4621,#3840,#3841);
#3104=AXIS2_PLACEMENT_3D('',#4622,#3842,#3843);
#3105=AXIS2_PLACEMENT_3D('',#4623,#3844,#3845);
#3106=AXIS2_PLACEMENT_3D('',#4624,#3846,#3847);
#3107=AXIS2_PLACEMENT_3D('',#4625,#3848,#3849);
#3108=AXIS2_PLACEMENT_3D('',#4626,#3850,#3851);
#3109=AXIS2_PLACEMENT_3D('',#4627,#3852,#3853);
#3110=AXIS2_PLACEMENT_3D('',#4629,#3854,#3855);
#3111=AXIS2_PLACEMENT_3D('',#4632,#3857,#3858);
#3112=AXIS2_PLACEMENT_3D('',#4633,#3859,#3860);
#3113=AXIS2_PLACEMENT_3D('',#4634,#3861,#3862);
#3114=AXIS2_PLACEMENT_3D('',#4635,#3863,#3864);
#3115=AXIS2_PLACEMENT_3D('',#4636,#3865,#3866);
#3116=AXIS2_PLACEMENT_3D('',#4639,#3867,#3868);
#3117=AXIS2_PLACEMENT_3D('',#4643,#3870,#3871);
#3118=AXIS2_PLACEMENT_3D('',#4646,#3873,#3874);
#3119=AXIS2_PLACEMENT_3D('',#4647,#3875,#3876);
#3120=AXIS2_PLACEMENT_3D('',#4649,#3877,#3878);
#3121=AXIS2_PLACEMENT_3D('',#4651,#3880,#3881);
#3122=AXIS2_PLACEMENT_3D('',#4657,#3885,#3886);
#3123=AXIS2_PLACEMENT_3D('',#4660,#3888,#3889);
#3124=AXIS2_PLACEMENT_3D('',#4661,#3890,#3891);
#3125=AXIS2_PLACEMENT_3D('',#4665,#3894,#3895);
#3126=AXIS2_PLACEMENT_3D('',#4666,#3896,#3897);
#3127=AXIS2_PLACEMENT_3D('',#4667,#3898,#3899);
#3128=AXIS2_PLACEMENT_3D('',#4668,#3900,#3901);
#3129=AXIS2_PLACEMENT_3D('',#4669,#3902,#3903);
#3130=AXIS2_PLACEMENT_3D('',#4671,#3904,#3905);
#3131=AXIS2_PLACEMENT_3D('',#4674,#3907,#3908);
#3132=AXIS2_PLACEMENT_3D('',#4675,#3909,#3910);
#3133=AXIS2_PLACEMENT_3D('',#4676,#3911,#3912);
#3134=AXIS2_PLACEMENT_3D('',#4677,#3913,#3914);
#3135=AXIS2_PLACEMENT_3D('',#4678,#3915,#3916);
#3136=AXIS2_PLACEMENT_3D('',#4681,#3917,#3918);
#3137=AXIS2_PLACEMENT_3D('',#4685,#3920,#3921);
#3138=AXIS2_PLACEMENT_3D('',#4687,#3923,#3924);
#3139=AXIS2_PLACEMENT_3D('',#4693,#3928,#3929);
#3140=AXIS2_PLACEMENT_3D('',#4697,#3932,#3933);
#3141=AXIS2_PLACEMENT_3D('',#4701,#3936,#3937);
#3142=AXIS2_PLACEMENT_3D('',#4703,#3939,#3940);
#3143=AXIS2_PLACEMENT_3D('',#4712,#3945,#3946);
#3144=AXIS2_PLACEMENT_3D('',#4718,#3950,#3951);
#3145=AXIS2_PLACEMENT_3D('',#4724,#3955,#3956);
#3146=AXIS2_PLACEMENT_3D('',#4727,#3959,#3960);
#3147=AXIS2_PLACEMENT_3D('',#4728,#3961,#3962);
#3148=AXIS2_PLACEMENT_3D('',#4729,#3963,#3964);
#3149=AXIS2_PLACEMENT_3D('',#4730,#3965,#3966);
#3150=AXIS2_PLACEMENT_3D('',#4731,#3967,#3968);
#3151=AXIS2_PLACEMENT_3D('',#4732,#3969,#3970);
#3152=AXIS2_PLACEMENT_3D('',#4733,#3971,#3972);
#3153=AXIS2_PLACEMENT_3D('',#4734,#3973,#3974);
#3154=AXIS2_PLACEMENT_3D('',#4735,#3975,#3976);
#3155=AXIS2_PLACEMENT_3D('',#4736,#3977,#3978);
#3156=AXIS2_PLACEMENT_3D('',#4737,#3979,#3980);
#3157=AXIS2_PLACEMENT_3D('',#4738,#3981,#3982);
#3158=AXIS2_PLACEMENT_3D('',#4739,#3983,#3984);
#3159=AXIS2_PLACEMENT_3D('',#4740,#3985,#3986);
#3160=AXIS2_PLACEMENT_3D('',#4741,#3987,#3988);
#3161=AXIS2_PLACEMENT_3D('',#4742,#3989,#3990);
#3162=AXIS2_PLACEMENT_3D('',#4743,#3991,#3992);
#3163=AXIS2_PLACEMENT_3D('',#4744,#3993,#3994);
#3164=AXIS2_PLACEMENT_3D('',#4745,#3995,#3996);
#3165=AXIS2_PLACEMENT_3D('',#4746,#3997,#3998);
#3166=AXIS2_PLACEMENT_3D('',#4747,#3999,#4000);
#3167=AXIS2_PLACEMENT_3D('',#4748,#4001,#4002);
#3168=AXIS2_PLACEMENT_3D('',#4749,#4003,#4004);
#3169=AXIS2_PLACEMENT_3D('',#4750,#4005,#4006);
#3170=AXIS2_PLACEMENT_3D('',#4751,#4007,#4008);
#3171=DIRECTION('axis',(0.,0.,1.));
#3172=DIRECTION('refdir',(1.,0.,0.));
#3173=DIRECTION('axis',(0.,0.,1.));
#3174=DIRECTION('refdir',(1.,0.,0.));
#3175=DIRECTION('center_axis',(0.,-1.,0.));
#3176=DIRECTION('ref_axis',(1.,0.,0.));
#3177=DIRECTION('',(1.,0.,0.));
#3178=DIRECTION('',(0.,0.,1.));
#3179=DIRECTION('',(1.,0.,0.));
#3180=DIRECTION('',(0.,0.,1.));
#3181=DIRECTION('center_axis',(-1.,0.,0.));
#3182=DIRECTION('ref_axis',(0.,-1.,0.));
#3183=DIRECTION('',(0.,-1.,0.));
#3184=DIRECTION('',(0.,-1.,0.));
#3185=DIRECTION('',(0.,0.,1.));
#3186=DIRECTION('center_axis',(0.,1.,0.));
#3187=DIRECTION('ref_axis',(-1.,0.,0.));
#3188=DIRECTION('',(-1.,0.,0.));
#3189=DIRECTION('',(-1.,0.,0.));
#3190=DIRECTION('',(0.,0.,1.));
#3191=DIRECTION('center_axis',(1.,0.,0.));
#3192=DIRECTION('ref_axis',(0.,1.,0.));
#3193=DIRECTION('',(0.,1.,0.));
#3194=DIRECTION('',(0.,1.,0.));
#3195=DIRECTION('center_axis',(0.,0.,1.));
#3196=DIRECTION('ref_axis',(1.,0.,0.));
#3197=DIRECTION('center_axis',(0.,0.,1.));
#3198=DIRECTION('ref_axis',(1.,0.,0.));
#3199=DIRECTION('axis',(0.,0.,1.));
#3200=DIRECTION('refdir',(1.,0.,0.));
#3201=DIRECTION('center_axis',(0.,1.,0.));
#3202=DIRECTION('ref_axis',(1.,0.,0.));
#3203=DIRECTION('center_axis',(0.,-1.,0.));
#3204=DIRECTION('ref_axis',(1.,0.,0.));
#3205=DIRECTION('',(0.,-1.,0.));
#3206=DIRECTION('center_axis',(0.,-1.,0.));
#3207=DIRECTION('ref_axis',(1.,0.,0.));
#3208=DIRECTION('center_axis',(8.22387425648264E-17,0.,1.));
#3209=DIRECTION('ref_axis',(1.,0.,-8.22387425648264E-17));
#3210=DIRECTION('',(1.,0.,-8.22387425648264E-17));
#3211=DIRECTION('',(0.,1.,0.));
#3212=DIRECTION('',(1.,0.,-8.22387425648264E-17));
#3213=DIRECTION('',(0.,1.,0.));
#3214=DIRECTION('center_axis',(-1.,0.,0.));
#3215=DIRECTION('ref_axis',(0.,0.,1.));
#3216=DIRECTION('',(0.,0.,1.));
#3217=DIRECTION('',(0.,0.,1.));
#3218=DIRECTION('',(0.,1.,0.));
#3219=DIRECTION('center_axis',(0.,1.,0.));
#3220=DIRECTION('ref_axis',(1.,0.,0.));
#3221=DIRECTION('center_axis',(0.,1.,0.));
#3222=DIRECTION('ref_axis',(1.,0.,0.));
#3223=DIRECTION('center_axis',(0.,1.,0.));
#3224=DIRECTION('ref_axis',(1.,0.,0.));
#3225=DIRECTION('',(0.,1.,0.));
#3226=DIRECTION('center_axis',(1.,0.,-1.64477485129653E-16));
#3227=DIRECTION('ref_axis',(-1.64477485129653E-16,0.,-1.));
#3228=DIRECTION('',(-1.64477485129653E-16,0.,-1.));
#3229=DIRECTION('',(-1.64477485129653E-16,0.,-1.));
#3230=DIRECTION('center_axis',(0.,1.,0.));
#3231=DIRECTION('ref_axis',(1.,0.,0.));
#3232=DIRECTION('center_axis',(0.,1.,0.));
#3233=DIRECTION('ref_axis',(1.,0.,0.));
#3234=DIRECTION('axis',(0.,0.,1.));
#3235=DIRECTION('refdir',(1.,0.,0.));
#3236=DIRECTION('center_axis',(0.,0.,1.));
#3237=DIRECTION('ref_axis',(1.,0.,0.));
#3238=DIRECTION('center_axis',(0.,0.,1.));
#3239=DIRECTION('ref_axis',(1.,0.,0.));
#3240=DIRECTION('',(0.,0.,-1.));
#3241=DIRECTION('center_axis',(0.,0.,1.));
#3242=DIRECTION('ref_axis',(1.,0.,0.));
#3243=DIRECTION('center_axis',(0.,0.,1.));
#3244=DIRECTION('ref_axis',(1.,0.,0.));
#3245=DIRECTION('center_axis',(0.,0.,1.));
#3246=DIRECTION('ref_axis',(1.,0.,0.));
#3247=DIRECTION('axis',(0.,0.,1.));
#3248=DIRECTION('refdir',(1.,0.,0.));
#3249=DIRECTION('center_axis',(0.,-1.,0.));
#3250=DIRECTION('ref_axis',(0.,0.,1.));
#3251=DIRECTION('',(0.,0.,1.));
#3252=DIRECTION('',(1.,0.,0.));
#3253=DIRECTION('',(0.,0.,1.));
#3254=DIRECTION('center_axis',(0.,-1.,0.));
#3255=DIRECTION('ref_axis',(1.,0.,0.));
#3256=DIRECTION('center_axis',(0.,-1.,0.));
#3257=DIRECTION('ref_axis',(1.,0.,0.));
#3258=DIRECTION('center_axis',(0.,1.,0.));
#3259=DIRECTION('ref_axis',(1.,0.,0.));
#3260=DIRECTION('',(0.,1.,0.));
#3261=DIRECTION('center_axis',(0.,1.,0.));
#3262=DIRECTION('ref_axis',(1.,0.,0.));
#3263=DIRECTION('',(0.,1.,0.));
#3264=DIRECTION('center_axis',(0.,1.,0.));
#3265=DIRECTION('ref_axis',(1.,0.,0.));
#3266=DIRECTION('center_axis',(0.,-1.,0.));
#3267=DIRECTION('ref_axis',(1.,0.,0.));
#3268=DIRECTION('',(0.,-1.,0.));
#3269=DIRECTION('center_axis',(0.,1.,0.));
#3270=DIRECTION('ref_axis',(0.,0.,-1.));
#3271=DIRECTION('',(0.,0.,-1.));
#3272=DIRECTION('',(1.,0.,0.));
#3273=DIRECTION('',(0.,0.,-1.));
#3274=DIRECTION('center_axis',(1.,0.,0.));
#3275=DIRECTION('ref_axis',(0.,1.,0.));
#3276=DIRECTION('center_axis',(-1.,0.,0.));
#3277=DIRECTION('ref_axis',(0.,1.,0.));
#3278=DIRECTION('center_axis',(1.,0.,0.));
#3279=DIRECTION('ref_axis',(0.,1.,0.));
#3280=DIRECTION('center_axis',(1.,0.,0.));
#3281=DIRECTION('ref_axis',(0.,1.,0.));
#3282=DIRECTION('center_axis',(-1.,0.,0.));
#3283=DIRECTION('ref_axis',(0.,1.,0.));
#3284=DIRECTION('',(-1.,0.,0.));
#3285=DIRECTION('center_axis',(1.,0.,0.));
#3286=DIRECTION('ref_axis',(0.,1.,0.));
#3287=DIRECTION('center_axis',(1.,0.,0.));
#3288=DIRECTION('ref_axis',(0.,1.,0.));
#3289=DIRECTION('center_axis',(1.,0.,0.));
#3290=DIRECTION('ref_axis',(0.,1.,0.));
#3291=DIRECTION('axis',(0.,0.,1.));
#3292=DIRECTION('refdir',(1.,0.,0.));
#3293=DIRECTION('center_axis',(0.,0.,1.));
#3294=DIRECTION('ref_axis',(1.,0.,0.));
#3295=DIRECTION('center_axis',(0.,0.,1.));
#3296=DIRECTION('ref_axis',(1.,0.,0.));
#3297=DIRECTION('',(0.,0.,-1.));
#3298=DIRECTION('center_axis',(0.,0.,1.));
#3299=DIRECTION('ref_axis',(1.,0.,0.));
#3300=DIRECTION('center_axis',(0.,0.,1.));
#3301=DIRECTION('ref_axis',(1.,0.,0.));
#3302=DIRECTION('center_axis',(0.,0.,1.));
#3303=DIRECTION('ref_axis',(1.,0.,0.));
#3304=DIRECTION('axis',(0.,0.,1.));
#3305=DIRECTION('refdir',(1.,0.,0.));
#3306=DIRECTION('center_axis',(-1.,0.,0.));
#3307=DIRECTION('ref_axis',(0.,-0.733799385705344,0.679366220486756));
#3308=DIRECTION('center_axis',(1.,0.,0.));
#3309=DIRECTION('ref_axis',(0.,-0.733799385705344,0.679366220486756));
#3310=DIRECTION('',(1.,0.,0.));
#3311=DIRECTION('center_axis',(1.,0.,0.));
#3312=DIRECTION('ref_axis',(0.,-0.733799385705344,0.679366220486756));
#3313=DIRECTION('',(-1.,0.,0.));
#3314=DIRECTION('center_axis',(1.,0.,0.));
#3315=DIRECTION('ref_axis',(0.,1.,0.));
#3316=DIRECTION('',(0.,1.,0.));
#3317=DIRECTION('center_axis',(1.,0.,0.));
#3318=DIRECTION('ref_axis',(0.,1.,0.));
#3319=DIRECTION('center_axis',(1.,0.,0.));
#3320=DIRECTION('ref_axis',(0.,0.327647978358608,0.944799874194275));
#3321=DIRECTION('',(0.,-0.0769230769230769,-0.997037030524286));
#3322=DIRECTION('center_axis',(1.,0.,0.));
#3323=DIRECTION('ref_axis',(0.,0.679366220486757,-0.733799385705343));
#3324=DIRECTION('',(0.,-1.,0.));
#3325=DIRECTION('center_axis',(1.,0.,0.));
#3326=DIRECTION('ref_axis',(0.,-0.679366220486757,-0.733799385705343));
#3327=DIRECTION('',(0.,-0.0769230769230768,0.997037030524286));
#3328=DIRECTION('center_axis',(0.,0.,-1.));
#3329=DIRECTION('ref_axis',(0.,1.,0.));
#3330=DIRECTION('',(0.,1.,0.));
#3331=DIRECTION('',(1.,0.,0.));
#3332=DIRECTION('center_axis',(0.,-0.997037030524286,-0.0769230769230768));
#3333=DIRECTION('ref_axis',(0.,0.0769230769230768,-0.997037030524286));
#3334=DIRECTION('',(-1.,0.,0.));
#3335=DIRECTION('',(0.,-0.0769230769230768,0.997037030524286));
#3336=DIRECTION('',(1.,0.,0.));
#3337=DIRECTION('',(0.,0.0769230769230768,-0.997037030524286));
#3338=DIRECTION('',(1.,0.,0.));
#3339=DIRECTION('',(0.,-0.0769230769230768,0.997037030524286));
#3340=DIRECTION('center_axis',(-1.,0.,0.));
#3341=DIRECTION('ref_axis',(0.,0.679366220486757,-0.733799385705343));
#3342=DIRECTION('',(1.,0.,0.));
#3343=DIRECTION('center_axis',(1.,0.,0.));
#3344=DIRECTION('ref_axis',(0.,0.679366220486757,-0.733799385705343));
#3345=DIRECTION('',(-1.,0.,0.));
#3346=DIRECTION('center_axis',(0.,0.,1.));
#3347=DIRECTION('ref_axis',(0.,-1.,0.));
#3348=DIRECTION('',(0.,-1.,0.));
#3349=DIRECTION('',(1.,0.,0.));
#3350=DIRECTION('center_axis',(1.,0.,0.));
#3351=DIRECTION('ref_axis',(0.,-0.679366220486757,-0.733799385705343));
#3352=DIRECTION('center_axis',(1.,0.,0.));
#3353=DIRECTION('ref_axis',(0.,-0.679366220486757,-0.733799385705343));
#3354=DIRECTION('center_axis',(0.,0.997037030524286,-0.0769230769230769));
#3355=DIRECTION('ref_axis',(0.,0.0769230769230769,0.997037030524286));
#3356=DIRECTION('',(-1.,0.,0.));
#3357=DIRECTION('',(0.,-0.0769230769230769,-0.997037030524286));
#3358=DIRECTION('',(1.,0.,0.));
#3359=DIRECTION('',(0.,0.076923076923077,0.997037030524286));
#3360=DIRECTION('',(1.,0.,0.));
#3361=DIRECTION('',(0.,-0.0769230769230769,-0.997037030524286));
#3362=DIRECTION('center_axis',(-1.,0.,0.));
#3363=DIRECTION('ref_axis',(0.,0.327647978358608,0.944799874194275));
#3364=DIRECTION('',(1.,0.,0.));
#3365=DIRECTION('center_axis',(1.,0.,0.));
#3366=DIRECTION('ref_axis',(0.,0.327647978358608,0.944799874194275));
#3367=DIRECTION('center_axis',(-1.,0.,0.));
#3368=DIRECTION('ref_axis',(0.,1.,0.));
#3369=DIRECTION('center_axis',(-1.,0.,0.));
#3370=DIRECTION('ref_axis',(0.,1.,0.));
#3371=DIRECTION('center_axis',(1.,0.,0.));
#3372=DIRECTION('ref_axis',(0.,1.,0.));
#3373=DIRECTION('center_axis',(1.,0.,0.));
#3374=DIRECTION('ref_axis',(0.,1.,0.));
#3375=DIRECTION('center_axis',(1.,0.,0.));
#3376=DIRECTION('ref_axis',(0.,1.,0.));
#3377=DIRECTION('center_axis',(1.,0.,0.));
#3378=DIRECTION('ref_axis',(0.,1.,0.));
#3379=DIRECTION('center_axis',(1.,0.,0.));
#3380=DIRECTION('ref_axis',(0.,1.,0.));
#3381=DIRECTION('center_axis',(1.,0.,0.));
#3382=DIRECTION('ref_axis',(0.,1.,0.));
#3383=DIRECTION('center_axis',(1.,0.,0.));
#3384=DIRECTION('ref_axis',(0.,-1.60812264967664E-16,1.));
#3385=DIRECTION('center_axis',(1.,0.,0.));
#3386=DIRECTION('ref_axis',(0.,1.,0.));
#3387=DIRECTION('center_axis',(1.,0.,0.));
#3388=DIRECTION('ref_axis',(0.,1.,0.));
#3389=DIRECTION('axis',(0.,0.,1.));
#3390=DIRECTION('refdir',(1.,0.,0.));
#3391=DIRECTION('center_axis',(0.,0.,1.));
#3392=DIRECTION('ref_axis',(1.,0.,0.));
#3393=DIRECTION('center_axis',(0.,0.,1.));
#3394=DIRECTION('ref_axis',(1.,0.,0.));
#3395=DIRECTION('',(0.,0.,-1.));
#3396=DIRECTION('center_axis',(0.,0.,1.));
#3397=DIRECTION('ref_axis',(1.,0.,0.));
#3398=DIRECTION('center_axis',(0.,0.,1.));
#3399=DIRECTION('ref_axis',(1.,0.,0.));
#3400=DIRECTION('center_axis',(0.,0.,1.));
#3401=DIRECTION('ref_axis',(1.,0.,0.));
#3402=DIRECTION('axis',(0.,0.,1.));
#3403=DIRECTION('refdir',(1.,0.,0.));
#3404=DIRECTION('center_axis',(-2.22044604925031E-16,-1.,0.));
#3405=DIRECTION('ref_axis',(-3.33066907387547E-17,6.16297582203915E-33,
1.));
#3406=DIRECTION('',(1.,-2.22044604925031E-16,0.));
#3407=DIRECTION('',(3.33066907387547E-17,-7.39557098644698E-33,-1.));
#3408=DIRECTION('',(-1.,2.22044604925031E-16,-3.33066907387547E-17));
#3409=DIRECTION('',(-3.33066907387547E-17,6.16297582203915E-33,1.));
#3410=DIRECTION('',(-1.,2.22044604925031E-16,-3.33066907387547E-17));
#3411=DIRECTION('',(0.,0.,1.));
#3412=DIRECTION('',(-1.,2.22044604925031E-16,3.11392462587241E-31));
#3413=DIRECTION('',(0.,0.,1.));
#3414=DIRECTION('',(1.,0.,0.));
#3415=DIRECTION('',(3.33066907387547E-17,3.33066907387547E-17,-1.));
#3416=DIRECTION('center_axis',(1.,-2.22044604925031E-16,0.));
#3417=DIRECTION('ref_axis',(0.,0.707106781186548,0.707106781186547));
#3418=DIRECTION('center_axis',(-1.,2.22044604925031E-16,-3.33066907387547E-17));
#3419=DIRECTION('ref_axis',(0.,-0.707106781186548,0.707106781186547));
#3420=DIRECTION('',(-1.,2.22044604925031E-16,0.));
#3421=DIRECTION('center_axis',(-1.,2.22044604925031E-16,-3.33066907387547E-17));
#3422=DIRECTION('ref_axis',(0.,0.707106781186548,0.707106781186547));
#3423=DIRECTION('center_axis',(1.,-2.22044604925031E-16,3.33066907387547E-17));
#3424=DIRECTION('ref_axis',(-3.33066907387547E-17,-3.33066907387547E-17,
1.));
#3425=DIRECTION('center_axis',(1.,-3.88578058618805E-17,0.));
#3426=DIRECTION('ref_axis',(-2.22044604925031E-16,-1.,-8.07833332391726E-17));
#3427=DIRECTION('',(-2.1570415377137E-33,-5.55111512312578E-17,1.));
#3428=DIRECTION('center_axis',(2.22044604925031E-16,1.,5.55111512312578E-17));
#3429=DIRECTION('ref_axis',(3.33066907387547E-17,5.55111512312578E-17,-1.));
#3430=DIRECTION('',(1.,0.,0.));
#3431=DIRECTION('',(2.1570415377137E-33,5.55111512312578E-17,-1.));
#3432=DIRECTION('',(1.,-2.22044604925031E-16,-3.11392462587241E-31));
#3433=DIRECTION('',(2.1570415377137E-33,5.55111512312578E-17,-1.));
#3434=DIRECTION('',(-1.,2.22044604925031E-16,-3.33066907387547E-17));
#3435=DIRECTION('',(3.33066907387547E-17,5.55111512312578E-17,-1.));
#3436=DIRECTION('',(-1.,2.22044604925031E-16,-3.33066907387547E-17));
#3437=DIRECTION('',(-3.33066907387547E-17,-5.55111512312578E-17,1.));
#3438=DIRECTION('center_axis',(1.,-2.22044604925031E-16,-3.11392462587241E-31));
#3439=DIRECTION('ref_axis',(1.65272890387766E-16,0.707106781186548,-0.707106781186547));
#3440=DIRECTION('center_axis',(-1.,3.88578058618805E-17,0.));
#3441=DIRECTION('ref_axis',(-1.65272890387766E-16,-0.707106781186547,-0.707106781186548));
#3442=DIRECTION('center_axis',(1.,-3.88578058618805E-17,0.));
#3443=DIRECTION('ref_axis',(1.65272890387766E-16,0.707106781186548,-0.707106781186547));
#3444=DIRECTION('center_axis',(1.,0.,0.));
#3445=DIRECTION('ref_axis',(0.,-1.,-8.07833332391726E-17));
#3446=DIRECTION('center_axis',(-1.,3.88578058618805E-17,0.));
#3447=DIRECTION('ref_axis',(-2.22044604925031E-16,-1.,-8.07833332391726E-17));
#3448=DIRECTION('center_axis',(-1.,3.88578058618805E-17,0.));
#3449=DIRECTION('ref_axis',(0.,0.,-1.));
#3450=DIRECTION('center_axis',(-1.,3.88578058618805E-17,0.));
#3451=DIRECTION('ref_axis',(0.,0.,-1.));
#3452=DIRECTION('center_axis',(-1.,3.88578058618805E-17,0.));
#3453=DIRECTION('ref_axis',(-2.22044604925031E-16,-1.,-8.07833332391726E-17));
#3454=DIRECTION('center_axis',(-1.,2.22044604925031E-16,-3.33066907387547E-17));
#3455=DIRECTION('ref_axis',(-2.22044604925031E-16,-1.,-8.07833332391726E-17));
#3456=DIRECTION('center_axis',(-1.,2.22044604925031E-16,-3.33066907387547E-17));
#3457=DIRECTION('ref_axis',(-2.22044604925031E-16,-1.,-8.07833332391726E-17));
#3458=DIRECTION('center_axis',(1.,-2.22044604925031E-16,3.33066907387547E-17));
#3459=DIRECTION('ref_axis',(-2.22044604925031E-16,-1.,-3.33066907387547E-17));
#3460=DIRECTION('center_axis',(1.,-2.22044604925031E-16,3.33066907387547E-17));
#3461=DIRECTION('ref_axis',(2.22044604925031E-16,1.,3.33066907387547E-17));
#3462=DIRECTION('center_axis',(-1.,2.22044604925031E-16,-3.33066907387547E-17));
#3463=DIRECTION('ref_axis',(2.22044604925031E-16,1.,3.33066907387547E-17));
#3464=DIRECTION('center_axis',(-1.,2.22044604925031E-16,-3.33066907387547E-17));
#3465=DIRECTION('ref_axis',(2.22044604925031E-16,1.,3.33066907387547E-17));
#3466=DIRECTION('center_axis',(1.,-2.22044604925031E-16,3.33066907387547E-17));
#3467=DIRECTION('ref_axis',(-2.22044604925031E-16,-1.,-3.33066907387547E-17));
#3468=DIRECTION('axis',(0.,0.,1.));
#3469=DIRECTION('refdir',(1.,0.,0.));
#3470=DIRECTION('center_axis',(0.,0.,1.));
#3471=DIRECTION('ref_axis',(1.,0.,0.));
#3472=DIRECTION('center_axis',(0.,0.,1.));
#3473=DIRECTION('ref_axis',(1.,0.,0.));
#3474=DIRECTION('',(0.,0.,-1.));
#3475=DIRECTION('center_axis',(0.,0.,1.));
#3476=DIRECTION('ref_axis',(1.,0.,0.));
#3477=DIRECTION('center_axis',(0.,0.,1.));
#3478=DIRECTION('ref_axis',(1.,0.,0.));
#3479=DIRECTION('center_axis',(0.,0.,1.));
#3480=DIRECTION('ref_axis',(1.,0.,0.));
#3481=DIRECTION('axis',(0.,0.,1.));
#3482=DIRECTION('refdir',(1.,0.,0.));
#3483=DIRECTION('center_axis',(0.,1.,0.));
#3484=DIRECTION('ref_axis',(1.,0.,0.));
#3485=DIRECTION('center_axis',(0.,-1.,0.));
#3486=DIRECTION('ref_axis',(-1.,0.,1.71823907758944E-13));
#3487=DIRECTION('',(0.,0.,-1.));
#3488=DIRECTION('center_axis',(0.,-1.,0.));
#3489=DIRECTION('ref_axis',(0.958333333333333,0.,-0.28565227501671));
#3490=DIRECTION('',(0.,0.,1.));
#3491=DIRECTION('center_axis',(0.,1.,0.));
#3492=DIRECTION('ref_axis',(1.,0.,0.));
#3493=DIRECTION('center_axis',(0.,1.,0.));
#3494=DIRECTION('ref_axis',(1.,0.,0.));
#3495=DIRECTION('center_axis',(0.,-1.,0.));
#3496=DIRECTION('ref_axis',(1.,0.,0.));
#3497=DIRECTION('',(0.,-1.,0.));
#3498=DIRECTION('center_axis',(-1.,0.,0.));
#3499=DIRECTION('ref_axis',(0.,0.,1.));
#3500=DIRECTION('',(0.,-1.,0.));
#3501=DIRECTION('',(0.,0.,1.));
#3502=DIRECTION('',(0.,1.,0.));
#3503=DIRECTION('center_axis',(0.,1.,0.));
#3504=DIRECTION('ref_axis',(0.958333333333333,0.,-0.28565227501671));
#3505=DIRECTION('center_axis',(0.,1.,0.));
#3506=DIRECTION('ref_axis',(0.958333333333333,0.,-0.28565227501671));
#3507=DIRECTION('',(0.,1.,0.));
#3508=DIRECTION('center_axis',(1.,0.,0.));
#3509=DIRECTION('ref_axis',(0.,0.,-1.));
#3510=DIRECTION('',(0.,0.,-1.));
#3511=DIRECTION('',(0.,1.,0.));
#3512=DIRECTION('center_axis',(0.,1.,0.));
#3513=DIRECTION('ref_axis',(-1.,0.,1.71823907758944E-13));
#3514=DIRECTION('center_axis',(0.,1.,0.));
#3515=DIRECTION('ref_axis',(-1.,0.,1.71823907758944E-13));
#3516=DIRECTION('center_axis',(0.,1.,0.));
#3517=DIRECTION('ref_axis',(1.,0.,0.));
#3518=DIRECTION('axis',(0.,0.,1.));
#3519=DIRECTION('refdir',(1.,0.,0.));
#3520=DIRECTION('center_axis',(0.,0.,1.));
#3521=DIRECTION('ref_axis',(1.,0.,0.));
#3522=DIRECTION('center_axis',(0.,0.,1.));
#3523=DIRECTION('ref_axis',(1.,0.,0.));
#3524=DIRECTION('',(0.,0.,-1.));
#3525=DIRECTION('center_axis',(0.,0.,1.));
#3526=DIRECTION('ref_axis',(1.,0.,0.));
#3527=DIRECTION('center_axis',(0.,0.,1.));
#3528=DIRECTION('ref_axis',(1.,0.,0.));
#3529=DIRECTION('center_axis',(0.,0.,1.));
#3530=DIRECTION('ref_axis',(1.,0.,0.));
#3531=DIRECTION('axis',(0.,0.,1.));
#3532=DIRECTION('refdir',(1.,0.,0.));
#3533=DIRECTION('center_axis',(0.,1.,0.));
#3534=DIRECTION('ref_axis',(1.,0.,0.));
#3535=DIRECTION('center_axis',(0.,-1.,0.));
#3536=DIRECTION('ref_axis',(1.,0.,0.));
#3537=DIRECTION('',(0.,1.,0.));
#3538=DIRECTION('center_axis',(0.,1.,0.));
#3539=DIRECTION('ref_axis',(1.,0.,0.));
#3540=DIRECTION('',(0.,-1.,0.));
#3541=DIRECTION('center_axis',(-1.,0.,0.));
#3542=DIRECTION('ref_axis',(0.,-1.,0.));
#3543=DIRECTION('',(0.,1.,0.));
#3544=DIRECTION('',(0.,0.,1.));
#3545=DIRECTION('',(0.,0.,1.));
#3546=DIRECTION('center_axis',(0.,1.,0.));
#3547=DIRECTION('ref_axis',(-1.,0.,0.));
#3548=DIRECTION('',(1.,0.,0.));
#3549=DIRECTION('',(0.,0.,1.));
#3550=DIRECTION('center_axis',(1.,0.,0.));
#3551=DIRECTION('ref_axis',(0.,1.,0.));
#3552=DIRECTION('',(0.,-1.,0.));
#3553=DIRECTION('',(0.,0.,1.));
#3554=DIRECTION('center_axis',(0.,-1.,0.));
#3555=DIRECTION('ref_axis',(1.,0.,0.));
#3556=DIRECTION('',(-1.,0.,0.));
#3557=DIRECTION('center_axis',(1.,-3.70074341541719E-17,0.));
#3558=DIRECTION('ref_axis',(3.70074341541719E-17,1.,0.));
#3559=DIRECTION('',(-3.70074341541719E-17,-1.,0.));
#3560=DIRECTION('',(0.,0.,1.));
#3561=DIRECTION('',(3.70074341541719E-17,1.,0.));
#3562=DIRECTION('',(0.,0.,1.));
#3563=DIRECTION('center_axis',(-1.26882631385732E-16,-1.,0.));
#3564=DIRECTION('ref_axis',(1.,-1.26882631385732E-16,0.));
#3565=DIRECTION('',(-1.,1.26882631385732E-16,0.));
#3566=DIRECTION('',(1.,-1.26882631385732E-16,0.));
#3567=DIRECTION('',(0.,0.,1.));
#3568=DIRECTION('center_axis',(-1.,-1.48029736616688E-16,0.));
#3569=DIRECTION('ref_axis',(1.48029736616688E-16,-1.,0.));
#3570=DIRECTION('',(-1.48029736616688E-16,1.,0.));
#3571=DIRECTION('',(1.48029736616688E-16,-1.,0.));
#3572=DIRECTION('',(0.,0.,1.));
#3573=DIRECTION('center_axis',(1.26882631385732E-16,1.,0.));
#3574=DIRECTION('ref_axis',(-1.,1.26882631385732E-16,0.));
#3575=DIRECTION('',(1.,-1.26882631385732E-16,0.));
#3576=DIRECTION('',(-1.,1.26882631385732E-16,0.));
#3577=DIRECTION('center_axis',(0.,0.,1.));
#3578=DIRECTION('ref_axis',(1.,0.,0.));
#3579=DIRECTION('center_axis',(0.,0.,1.));
#3580=DIRECTION('ref_axis',(1.,0.,0.));
#3581=DIRECTION('axis',(0.,0.,1.));
#3582=DIRECTION('refdir',(1.,0.,0.));
#3583=DIRECTION('center_axis',(0.,-1.,0.));
#3584=DIRECTION('ref_axis',(1.,0.,0.));
#3585=DIRECTION('center_axis',(0.,1.,0.));
#3586=DIRECTION('ref_axis',(1.,0.,0.));
#3587=DIRECTION('',(0.,-1.,0.));
#3588=DIRECTION('center_axis',(0.,1.,0.));
#3589=DIRECTION('ref_axis',(1.,0.,0.));
#3590=DIRECTION('center_axis',(-8.22387425648264E-17,0.,1.));
#3591=DIRECTION('ref_axis',(1.,0.,8.22387425648264E-17));
#3592=DIRECTION('',(1.,0.,8.22387425648264E-17));
#3593=DIRECTION('',(0.,1.,0.));
#3594=DIRECTION('',(1.,0.,8.22387425648264E-17));
#3595=DIRECTION('',(0.,1.,0.));
#3596=DIRECTION('center_axis',(1.,0.,0.));
#3597=DIRECTION('ref_axis',(0.,0.,-1.));
#3598=DIRECTION('',(0.,0.,-1.));
#3599=DIRECTION('',(0.,1.,0.));
#3600=DIRECTION('',(0.,0.,-1.));
#3601=DIRECTION('center_axis',(0.,-1.,0.));
#3602=DIRECTION('ref_axis',(1.,0.,0.));
#3603=DIRECTION('center_axis',(0.,-1.,0.));
#3604=DIRECTION('ref_axis',(1.,0.,0.));
#3605=DIRECTION('',(0.,1.,0.));
#3606=DIRECTION('center_axis',(0.,-1.,0.));
#3607=DIRECTION('ref_axis',(1.,0.,0.));
#3608=DIRECTION('center_axis',(-1.,0.,-1.64477485129653E-16));
#3609=DIRECTION('ref_axis',(-1.64477485129653E-16,0.,1.));
#3610=DIRECTION('',(-1.64477485129653E-16,0.,1.));
#3611=DIRECTION('',(-1.64477485129653E-16,0.,1.));
#3612=DIRECTION('center_axis',(0.,-1.,0.));
#3613=DIRECTION('ref_axis',(1.,0.,0.));
#3614=DIRECTION('center_axis',(0.,-1.,0.));
#3615=DIRECTION('ref_axis',(1.,0.,0.));
#3616=DIRECTION('axis',(0.,0.,1.));
#3617=DIRECTION('refdir',(1.,0.,0.));
#3618=DIRECTION('center_axis',(0.,0.,1.));
#3619=DIRECTION('ref_axis',(1.,0.,0.));
#3620=DIRECTION('center_axis',(0.,0.,1.));
#3621=DIRECTION('ref_axis',(1.,0.,0.));
#3622=DIRECTION('',(0.,0.,1.));
#3623=DIRECTION('center_axis',(0.,0.,1.));
#3624=DIRECTION('ref_axis',(1.,0.,0.));
#3625=DIRECTION('center_axis',(0.,0.,1.));
#3626=DIRECTION('ref_axis',(1.,0.,0.));
#3627=DIRECTION('center_axis',(0.,0.,1.));
#3628=DIRECTION('ref_axis',(1.,0.,0.));
#3629=DIRECTION('axis',(0.,0.,1.));
#3630=DIRECTION('refdir',(1.,0.,0.));
#3631=DIRECTION('center_axis',(0.,1.,0.));
#3632=DIRECTION('ref_axis',(0.,0.,-1.));
#3633=DIRECTION('',(0.,0.,-1.));
#3634=DIRECTION('center_axis',(0.,1.,0.));
#3635=DIRECTION('ref_axis',(1.,0.,0.));
#3636=DIRECTION('',(0.,0.,-1.));
#3637=DIRECTION('',(1.,0.,0.));
#3638=DIRECTION('center_axis',(0.,1.,0.));
#3639=DIRECTION('ref_axis',(1.,0.,0.));
#3640=DIRECTION('center_axis',(0.,-1.,0.));
#3641=DIRECTION('ref_axis',(1.,0.,0.));
#3642=DIRECTION('',(0.,1.,0.));
#3643=DIRECTION('center_axis',(0.,-1.,0.));
#3644=DIRECTION('ref_axis',(1.,0.,0.));
#3645=DIRECTION('',(0.,1.,0.));
#3646=DIRECTION('center_axis',(0.,-1.,0.));
#3647=DIRECTION('ref_axis',(1.,0.,0.));
#3648=DIRECTION('center_axis',(0.,1.,0.));
#3649=DIRECTION('ref_axis',(1.,0.,0.));
#3650=DIRECTION('',(0.,-1.,0.));
#3651=DIRECTION('center_axis',(0.,-1.,0.));
#3652=DIRECTION('ref_axis',(0.,0.,1.));
#3653=DIRECTION('',(0.,0.,1.));
#3654=DIRECTION('',(1.,0.,0.));
#3655=DIRECTION('',(0.,0.,1.));
#3656=DIRECTION('center_axis',(-1.,0.,0.));
#3657=DIRECTION('ref_axis',(0.,1.,0.));
#3658=DIRECTION('center_axis',(1.,0.,0.));
#3659=DIRECTION('ref_axis',(0.,1.,0.));
#3660=DIRECTION('center_axis',(-1.,0.,0.));
#3661=DIRECTION('ref_axis',(0.,1.,0.));
#3662=DIRECTION('center_axis',(-1.,0.,0.));
#3663=DIRECTION('ref_axis',(0.,1.,0.));
#3664=DIRECTION('center_axis',(1.,0.,0.));
#3665=DIRECTION('ref_axis',(0.,1.,0.));
#3666=DIRECTION('',(-1.,0.,0.));
#3667=DIRECTION('center_axis',(-1.,0.,0.));
#3668=DIRECTION('ref_axis',(0.,1.,0.));
#3669=DIRECTION('center_axis',(-1.,0.,0.));
#3670=DIRECTION('ref_axis',(0.,1.,0.));
#3671=DIRECTION('center_axis',(-1.,0.,0.));
#3672=DIRECTION('ref_axis',(0.,1.,0.));
#3673=DIRECTION('axis',(0.,0.,1.));
#3674=DIRECTION('refdir',(1.,0.,0.));
#3675=DIRECTION('center_axis',(0.,0.,1.));
#3676=DIRECTION('ref_axis',(1.,0.,0.));
#3677=DIRECTION('center_axis',(0.,0.,1.));
#3678=DIRECTION('ref_axis',(1.,0.,0.));
#3679=DIRECTION('',(0.,0.,1.));
#3680=DIRECTION('center_axis',(0.,0.,1.));
#3681=DIRECTION('ref_axis',(1.,0.,0.));
#3682=DIRECTION('center_axis',(0.,0.,1.));
#3683=DIRECTION('ref_axis',(1.,0.,0.));
#3684=DIRECTION('center_axis',(0.,0.,1.));
#3685=DIRECTION('ref_axis',(1.,0.,0.));
#3686=DIRECTION('axis',(0.,0.,1.));
#3687=DIRECTION('refdir',(1.,0.,0.));
#3688=DIRECTION('center_axis',(1.,0.,0.));
#3689=DIRECTION('ref_axis',(0.,-0.733799385705344,-0.679366220486756));
#3690=DIRECTION('center_axis',(-1.,0.,0.));
#3691=DIRECTION('ref_axis',(0.,-0.733799385705344,-0.679366220486756));
#3692=DIRECTION('',(-1.,0.,0.));
#3693=DIRECTION('center_axis',(-1.,0.,0.));
#3694=DIRECTION('ref_axis',(0.,-0.733799385705344,-0.679366220486756));
#3695=DIRECTION('',(1.,0.,0.));
#3696=DIRECTION('center_axis',(-1.,0.,0.));
#3697=DIRECTION('ref_axis',(0.,1.,0.));
#3698=DIRECTION('',(0.,-0.0769230769230768,-0.997037030524286));
#3699=DIRECTION('center_axis',(-1.,0.,0.));
#3700=DIRECTION('ref_axis',(0.,-0.679366220486757,0.733799385705343));
#3701=DIRECTION('',(0.,-1.,0.));
#3702=DIRECTION('center_axis',(-1.,0.,0.));
#3703=DIRECTION('ref_axis',(0.,0.679366220486757,0.733799385705343));
#3704=DIRECTION('',(0.,-0.0769230769230769,0.997037030524286));
#3705=DIRECTION('center_axis',(-1.,0.,0.));
#3706=DIRECTION('ref_axis',(0.,0.327647978358608,-0.944799874194275));
#3707=DIRECTION('center_axis',(-1.,0.,0.));
#3708=DIRECTION('ref_axis',(0.,1.,0.));
#3709=DIRECTION('',(0.,1.,0.));
#3710=DIRECTION('center_axis',(0.,0.,-1.));
#3711=DIRECTION('ref_axis',(0.,1.,0.));
#3712=DIRECTION('',(1.,0.,0.));
#3713=DIRECTION('',(0.,1.,0.));
#3714=DIRECTION('center_axis',(0.,0.997037030524286,-0.0769230769230768));
#3715=DIRECTION('ref_axis',(0.,0.0769230769230768,0.997037030524286));
#3716=DIRECTION('',(0.,-0.0769230769230768,-0.997037030524286));
#3717=DIRECTION('',(1.,0.,0.));
#3718=DIRECTION('',(0.,0.0769230769230768,0.997037030524286));
#3719=DIRECTION('',(1.,0.,0.));
#3720=DIRECTION('',(0.,-0.0769230769230768,-0.997037030524286));
#3721=DIRECTION('',(-1.,0.,0.));
#3722=DIRECTION('center_axis',(1.,0.,0.));
#3723=DIRECTION('ref_axis',(0.,0.679366220486757,0.733799385705343));
#3724=DIRECTION('',(-1.,0.,0.));
#3725=DIRECTION('center_axis',(-1.,0.,0.));
#3726=DIRECTION('ref_axis',(0.,0.679366220486757,0.733799385705343));
#3727=DIRECTION('',(1.,0.,0.));
#3728=DIRECTION('center_axis',(0.,0.,1.));
#3729=DIRECTION('ref_axis',(0.,-1.,0.));
#3730=DIRECTION('',(1.,0.,0.));
#3731=DIRECTION('',(0.,-1.,0.));
#3732=DIRECTION('center_axis',(-1.,0.,0.));
#3733=DIRECTION('ref_axis',(0.,-0.679366220486757,0.733799385705343));
#3734=DIRECTION('center_axis',(-1.,0.,0.));
#3735=DIRECTION('ref_axis',(0.,-0.679366220486757,0.733799385705343));
#3736=DIRECTION('center_axis',(0.,-0.997037030524286,-0.0769230769230769));
#3737=DIRECTION('ref_axis',(0.,0.0769230769230769,-0.997037030524286));
#3738=DIRECTION('',(0.,-0.0769230769230769,0.997037030524286));
#3739=DIRECTION('',(1.,0.,0.));
#3740=DIRECTION('',(0.,0.076923076923077,-0.997037030524286));
#3741=DIRECTION('',(1.,0.,0.));
#3742=DIRECTION('',(0.,-0.0769230769230769,0.997037030524286));
#3743=DIRECTION('',(-1.,0.,0.));
#3744=DIRECTION('center_axis',(1.,0.,0.));
#3745=DIRECTION('ref_axis',(0.,0.327647978358608,-0.944799874194275));
#3746=DIRECTION('center_axis',(-1.,0.,0.));
#3747=DIRECTION('ref_axis',(0.,0.327647978358608,-0.944799874194275));
#3748=DIRECTION('',(1.,0.,0.));
#3749=DIRECTION('center_axis',(1.,0.,0.));
#3750=DIRECTION('ref_axis',(0.,1.,0.));
#3751=DIRECTION('center_axis',(1.,0.,0.));
#3752=DIRECTION('ref_axis',(0.,1.,0.));
#3753=DIRECTION('center_axis',(-1.,0.,0.));
#3754=DIRECTION('ref_axis',(0.,1.,0.));
#3755=DIRECTION('center_axis',(-1.,0.,0.));
#3756=DIRECTION('ref_axis',(0.,1.,0.));
#3757=DIRECTION('center_axis',(-1.,0.,0.));
#3758=DIRECTION('ref_axis',(0.,1.,0.));
#3759=DIRECTION('center_axis',(-1.,0.,0.));
#3760=DIRECTION('ref_axis',(0.,1.,0.));
#3761=DIRECTION('center_axis',(-1.,0.,0.));
#3762=DIRECTION('ref_axis',(0.,1.,0.));
#3763=DIRECTION('center_axis',(-1.,0.,0.));
#3764=DIRECTION('ref_axis',(0.,1.,0.));
#3765=DIRECTION('center_axis',(-1.,0.,0.));
#3766=DIRECTION('ref_axis',(0.,-1.60812264967664E-16,-1.));
#3767=DIRECTION('center_axis',(-1.,0.,0.));
#3768=DIRECTION('ref_axis',(0.,1.,0.));
#3769=DIRECTION('center_axis',(-1.,0.,0.));
#3770=DIRECTION('ref_axis',(0.,1.,0.));
#3771=DIRECTION('axis',(0.,0.,1.));
#3772=DIRECTION('refdir',(1.,0.,0.));
#3773=DIRECTION('center_axis',(0.,0.,1.));
#3774=DIRECTION('ref_axis',(1.,0.,0.));
#3775=DIRECTION('center_axis',(0.,0.,1.));
#3776=DIRECTION('ref_axis',(1.,0.,0.));
#3777=DIRECTION('',(0.,0.,1.));
#3778=DIRECTION('center_axis',(0.,0.,1.));
#3779=DIRECTION('ref_axis',(1.,0.,0.));
#3780=DIRECTION('center_axis',(0.,0.,1.));
#3781=DIRECTION('ref_axis',(1.,0.,0.));
#3782=DIRECTION('center_axis',(0.,0.,1.));
#3783=DIRECTION('ref_axis',(1.,0.,0.));
#3784=DIRECTION('axis',(0.,0.,1.));
#3785=DIRECTION('refdir',(1.,0.,0.));
#3786=DIRECTION('center_axis',(2.22044604925031E-16,1.,0.));
#3787=DIRECTION('ref_axis',(-3.33066907387547E-17,6.16297582203915E-33,
-1.));
#3788=DIRECTION('',(1.,-2.22044604925031E-16,0.));
#3789=DIRECTION('',(3.33066907387547E-17,3.33066907387547E-17,1.));
#3790=DIRECTION('',(1.,0.,0.));
#3791=DIRECTION('',(0.,0.,-1.));
#3792=DIRECTION('',(-1.,2.22044604925031E-16,-3.11392462587241E-31));
#3793=DIRECTION('',(0.,0.,-1.));
#3794=DIRECTION('',(-1.,2.22044604925031E-16,3.33066907387547E-17));
#3795=DIRECTION('',(-3.33066907387547E-17,6.16297582203915E-33,-1.));
#3796=DIRECTION('',(-1.,2.22044604925031E-16,3.33066907387547E-17));
#3797=DIRECTION('',(3.33066907387547E-17,-7.39557098644698E-33,1.));
#3798=DIRECTION('center_axis',(-1.,2.22044604925031E-16,0.));
#3799=DIRECTION('ref_axis',(0.,0.707106781186548,-0.707106781186547));
#3800=DIRECTION('center_axis',(1.,-2.22044604925031E-16,-3.33066907387547E-17));
#3801=DIRECTION('ref_axis',(0.,-0.707106781186548,-0.707106781186547));
#3802=DIRECTION('center_axis',(1.,-2.22044604925031E-16,-3.33066907387547E-17));
#3803=DIRECTION('ref_axis',(0.,0.707106781186548,-0.707106781186547));
#3804=DIRECTION('',(-1.,2.22044604925031E-16,0.));
#3805=DIRECTION('center_axis',(-1.,2.22044604925031E-16,3.33066907387547E-17));
#3806=DIRECTION('ref_axis',(-3.33066907387547E-17,-3.33066907387547E-17,
-1.));
#3807=DIRECTION('',(-2.1570415377137E-33,-5.55111512312578E-17,-1.));
#3808=DIRECTION('center_axis',(-1.,3.88578058618805E-17,0.));
#3809=DIRECTION('ref_axis',(-2.22044604925031E-16,-1.,8.07833332391726E-17));
#3810=DIRECTION('center_axis',(-2.22044604925031E-16,-1.,5.55111512312578E-17));
#3811=DIRECTION('ref_axis',(3.33066907387547E-17,5.55111512312578E-17,1.));
#3812=DIRECTION('',(-3.33066907387547E-17,-5.55111512312578E-17,-1.));
#3813=DIRECTION('',(-1.,2.22044604925031E-16,3.33066907387547E-17));
#3814=DIRECTION('',(3.33066907387547E-17,5.55111512312578E-17,1.));
#3815=DIRECTION('',(-1.,2.22044604925031E-16,3.33066907387547E-17));
#3816=DIRECTION('',(2.1570415377137E-33,5.55111512312578E-17,1.));
#3817=DIRECTION('',(1.,-2.22044604925031E-16,3.11392462587241E-31));
#3818=DIRECTION('',(2.1570415377137E-33,5.55111512312578E-17,1.));
#3819=DIRECTION('',(1.,0.,0.));
#3820=DIRECTION('center_axis',(-1.,2.22044604925031E-16,-3.11392462587241E-31));
#3821=DIRECTION('ref_axis',(1.65272890387766E-16,0.707106781186548,0.707106781186547));
#3822=DIRECTION('center_axis',(1.,-3.88578058618805E-17,0.));
#3823=DIRECTION('ref_axis',(-1.65272890387766E-16,-0.707106781186547,0.707106781186548));
#3824=DIRECTION('center_axis',(-1.,3.88578058618805E-17,0.));
#3825=DIRECTION('ref_axis',(1.65272890387766E-16,0.707106781186548,0.707106781186547));
#3826=DIRECTION('center_axis',(-1.,0.,0.));
#3827=DIRECTION('ref_axis',(0.,-1.,8.07833332391726E-17));
#3828=DIRECTION('center_axis',(1.,-3.88578058618805E-17,0.));
#3829=DIRECTION('ref_axis',(-2.22044604925031E-16,-1.,8.07833332391726E-17));
#3830=DIRECTION('center_axis',(1.,-3.88578058618805E-17,0.));
#3831=DIRECTION('ref_axis',(0.,0.,1.));
#3832=DIRECTION('center_axis',(1.,-3.88578058618805E-17,0.));
#3833=DIRECTION('ref_axis',(0.,0.,1.));
#3834=DIRECTION('center_axis',(1.,-3.88578058618805E-17,0.));
#3835=DIRECTION('ref_axis',(-2.22044604925031E-16,-1.,8.07833332391726E-17));
#3836=DIRECTION('center_axis',(1.,-2.22044604925031E-16,-3.33066907387547E-17));
#3837=DIRECTION('ref_axis',(-2.22044604925031E-16,-1.,8.07833332391726E-17));
#3838=DIRECTION('center_axis',(1.,-2.22044604925031E-16,-3.33066907387547E-17));
#3839=DIRECTION('ref_axis',(-2.22044604925031E-16,-1.,8.07833332391726E-17));
#3840=DIRECTION('center_axis',(-1.,2.22044604925031E-16,3.33066907387547E-17));
#3841=DIRECTION('ref_axis',(-2.22044604925031E-16,-1.,3.33066907387547E-17));
#3842=DIRECTION('center_axis',(-1.,2.22044604925031E-16,3.33066907387547E-17));
#3843=DIRECTION('ref_axis',(2.22044604925031E-16,1.,-3.33066907387547E-17));
#3844=DIRECTION('center_axis',(1.,-2.22044604925031E-16,-3.33066907387547E-17));
#3845=DIRECTION('ref_axis',(2.22044604925031E-16,1.,-3.33066907387547E-17));
#3846=DIRECTION('center_axis',(1.,-2.22044604925031E-16,-3.33066907387547E-17));
#3847=DIRECTION('ref_axis',(2.22044604925031E-16,1.,-3.33066907387547E-17));
#3848=DIRECTION('center_axis',(-1.,2.22044604925031E-16,3.33066907387547E-17));
#3849=DIRECTION('ref_axis',(-2.22044604925031E-16,-1.,3.33066907387547E-17));
#3850=DIRECTION('axis',(0.,0.,1.));
#3851=DIRECTION('refdir',(1.,0.,0.));
#3852=DIRECTION('center_axis',(0.,0.,1.));
#3853=DIRECTION('ref_axis',(1.,0.,0.));
#3854=DIRECTION('center_axis',(0.,0.,1.));
#3855=DIRECTION('ref_axis',(1.,0.,0.));
#3856=DIRECTION('',(0.,0.,1.));
#3857=DIRECTION('center_axis',(0.,0.,1.));
#3858=DIRECTION('ref_axis',(1.,0.,0.));
#3859=DIRECTION('center_axis',(0.,0.,1.));
#3860=DIRECTION('ref_axis',(1.,0.,0.));
#3861=DIRECTION('center_axis',(0.,0.,1.));
#3862=DIRECTION('ref_axis',(1.,0.,0.));
#3863=DIRECTION('axis',(0.,0.,1.));
#3864=DIRECTION('refdir',(1.,0.,0.));
#3865=DIRECTION('center_axis',(0.,-1.,0.));
#3866=DIRECTION('ref_axis',(1.,0.,0.));
#3867=DIRECTION('center_axis',(0.,1.,0.));
#3868=DIRECTION('ref_axis',(-1.,0.,-1.71823907758944E-13));
#3869=DIRECTION('',(0.,0.,-1.));
#3870=DIRECTION('center_axis',(0.,1.,0.));
#3871=DIRECTION('ref_axis',(0.958333333333333,0.,0.28565227501671));
#3872=DIRECTION('',(0.,0.,1.));
#3873=DIRECTION('center_axis',(0.,-1.,0.));
#3874=DIRECTION('ref_axis',(1.,0.,0.));
#3875=DIRECTION('center_axis',(0.,-1.,0.));
#3876=DIRECTION('ref_axis',(1.,0.,0.));
#3877=DIRECTION('center_axis',(0.,1.,0.));
#3878=DIRECTION('ref_axis',(1.,0.,0.));
#3879=DIRECTION('',(0.,-1.,0.));
#3880=DIRECTION('center_axis',(1.,0.,0.));
#3881=DIRECTION('ref_axis',(0.,0.,-1.));
#3882=DIRECTION('',(0.,-1.,0.));
#3883=DIRECTION('',(0.,1.,0.));
#3884=DIRECTION('',(0.,0.,-1.));
#3885=DIRECTION('center_axis',(0.,-1.,0.));
#3886=DIRECTION('ref_axis',(0.958333333333333,0.,0.28565227501671));
#3887=DIRECTION('',(0.,1.,0.));
#3888=DIRECTION('center_axis',(0.,-1.,0.));
#3889=DIRECTION('ref_axis',(0.958333333333333,0.,0.28565227501671));
#3890=DIRECTION('center_axis',(-1.,0.,0.));
#3891=DIRECTION('ref_axis',(0.,0.,1.));
#3892=DIRECTION('',(0.,1.,0.));
#3893=DIRECTION('',(0.,0.,1.));
#3894=DIRECTION('center_axis',(0.,-1.,0.));
#3895=DIRECTION('ref_axis',(-1.,0.,-1.71823907758944E-13));
#3896=DIRECTION('center_axis',(0.,-1.,0.));
#3897=DIRECTION('ref_axis',(-1.,0.,-1.71823907758944E-13));
#3898=DIRECTION('center_axis',(0.,-1.,0.));
#3899=DIRECTION('ref_axis',(1.,0.,0.));
#3900=DIRECTION('axis',(0.,0.,1.));
#3901=DIRECTION('refdir',(1.,0.,0.));
#3902=DIRECTION('center_axis',(0.,0.,1.));
#3903=DIRECTION('ref_axis',(1.,0.,0.));
#3904=DIRECTION('center_axis',(0.,0.,1.));
#3905=DIRECTION('ref_axis',(1.,0.,0.));
#3906=DIRECTION('',(0.,0.,1.));
#3907=DIRECTION('center_axis',(0.,0.,1.));
#3908=DIRECTION('ref_axis',(1.,0.,0.));
#3909=DIRECTION('center_axis',(0.,0.,1.));
#3910=DIRECTION('ref_axis',(1.,0.,0.));
#3911=DIRECTION('center_axis',(0.,0.,1.));
#3912=DIRECTION('ref_axis',(1.,0.,0.));
#3913=DIRECTION('axis',(0.,0.,1.));
#3914=DIRECTION('refdir',(1.,0.,0.));
#3915=DIRECTION('center_axis',(0.,-1.,0.));
#3916=DIRECTION('ref_axis',(1.,0.,0.));
#3917=DIRECTION('center_axis',(0.,1.,0.));
#3918=DIRECTION('ref_axis',(1.,0.,0.));
#3919=DIRECTION('',(0.,-1.,0.));
#3920=DIRECTION('center_axis',(0.,-1.,0.));
#3921=DIRECTION('ref_axis',(1.,0.,0.));
#3922=DIRECTION('',(0.,1.,0.));
#3923=DIRECTION('center_axis',(1.,0.,0.));
#3924=DIRECTION('ref_axis',(0.,-1.,0.));
#3925=DIRECTION('',(0.,1.,0.));
#3926=DIRECTION('',(0.,0.,-1.));
#3927=DIRECTION('',(0.,0.,-1.));
#3928=DIRECTION('center_axis',(0.,-1.,0.));
#3929=DIRECTION('ref_axis',(-1.,0.,0.));
#3930=DIRECTION('',(1.,0.,0.));
#3931=DIRECTION('',(0.,0.,-1.));
#3932=DIRECTION('center_axis',(-1.,0.,0.));
#3933=DIRECTION('ref_axis',(0.,1.,0.));
#3934=DIRECTION('',(0.,-1.,0.));
#3935=DIRECTION('',(0.,0.,-1.));
#3936=DIRECTION('center_axis',(0.,1.,0.));
#3937=DIRECTION('ref_axis',(1.,0.,0.));
#3938=DIRECTION('',(-1.,0.,0.));
#3939=DIRECTION('center_axis',(-1.,3.70074341541719E-17,0.));
#3940=DIRECTION('ref_axis',(3.70074341541719E-17,1.,0.));
#3941=DIRECTION('',(-3.70074341541719E-17,-1.,0.));
#3942=DIRECTION('',(0.,0.,-1.));
#3943=DIRECTION('',(3.70074341541719E-17,1.,0.));
#3944=DIRECTION('',(0.,0.,-1.));
#3945=DIRECTION('center_axis',(1.26882631385732E-16,1.,0.));
#3946=DIRECTION('ref_axis',(1.,-1.26882631385732E-16,0.));
#3947=DIRECTION('',(-1.,1.26882631385732E-16,0.));
#3948=DIRECTION('',(0.,0.,-1.));
#3949=DIRECTION('',(1.,-1.26882631385732E-16,0.));
#3950=DIRECTION('center_axis',(1.,1.48029736616688E-16,0.));
#3951=DIRECTION('ref_axis',(1.48029736616688E-16,-1.,0.));
#3952=DIRECTION('',(-1.48029736616688E-16,1.,0.));
#3953=DIRECTION('',(0.,0.,-1.));
#3954=DIRECTION('',(1.48029736616688E-16,-1.,0.));
#3955=DIRECTION('center_axis',(-1.26882631385732E-16,-1.,0.));
#3956=DIRECTION('ref_axis',(-1.,1.26882631385732E-16,0.));
#3957=DIRECTION('',(1.,-1.26882631385732E-16,0.));
#3958=DIRECTION('',(-1.,1.26882631385732E-16,0.));
#3959=DIRECTION('center_axis',(0.,0.,1.));
#3960=DIRECTION('ref_axis',(1.,0.,0.));
#3961=DIRECTION('center_axis',(0.,0.,1.));
#3962=DIRECTION('ref_axis',(1.,0.,0.));
#3963=DIRECTION('',(3.33066907387548E-16,-3.22825241390051E-16,0.999999999999999));
#3964=DIRECTION('',(1.,-1.22464679914734E-16,-3.33066907387548E-16));
#3965=DIRECTION('',(3.33066907387548E-16,-3.22825241390051E-16,0.999999999999999));
#3966=DIRECTION('',(1.,-1.22464679914734E-16,-3.33066907387548E-16));
#3967=DIRECTION('',(-1.22464679914734E-16,-0.999999999999998,-3.22825241390062E-16));
#3968=DIRECTION('',(1.,-1.22464679914734E-16,-3.33066907387548E-16));
#3969=DIRECTION('',(3.33066907387548E-16,-3.22825241390051E-16,0.999999999999999));
#3970=DIRECTION('',(1.,-1.22464679914734E-16,-3.33066907387548E-16));
#3971=DIRECTION('',(1.,-1.22464679914734E-16,-3.33066907387547E-16));
#3972=DIRECTION('',(-3.33066907387548E-16,2.00360561475317E-16,-1.));
#3973=DIRECTION('',(3.33066907387548E-16,2.16840434497144E-17,0.999999999999999));
#3974=DIRECTION('',(1.,-1.22464679914734E-16,-3.33066907387548E-16));
#3975=DIRECTION('',(1.,-1.22464679914734E-16,-3.33066907387548E-16));
#3976=DIRECTION('',(-3.33066907387549E-16,-1.44148723364449E-16,-1.));
#3977=DIRECTION('',(3.66373598126303E-16,2.16840434497144E-17,0.999999999999999));
#3978=DIRECTION('',(1.,-1.22464679914734E-16,-3.66373598126302E-16));
#3979=DIRECTION('',(1.,-1.22464679914734E-16,-3.33066907387548E-16));
#3980=DIRECTION('',(-3.33066907387549E-16,1.00780636465021E-16,-1.));
#3981=DIRECTION('',(3.66373598126303E-16,-3.95482965076532E-17,0.999999999999999));
#3982=DIRECTION('',(1.,-1.22464679914733E-16,-3.66373598126302E-16));
#3983=DIRECTION('',(-1.22464679914734E-16,-1.,-3.95482965076635E-17));
#3984=DIRECTION('',(1.,-1.22464679914733E-16,-3.66373598126302E-16));
#3985=DIRECTION('',(-3.55271367880048E-16,-3.95482965076529E-17,0.999999999999999));
#3986=DIRECTION('',(1.,-1.22464679914733E-16,3.5527136788005E-16));
#3987=DIRECTION('',(3.33066907387547E-16,3.22825241390051E-16,-0.999999999999998));
#3988=DIRECTION('',(-1.,-6.48194485245551E-31,-3.33066907387546E-16));
#3989=DIRECTION('',(7.10675406269961E-31,0.999999999999997,3.22825241390061E-16));
#3990=DIRECTION('',(-1.,-5.74238775381081E-31,-3.33066907387546E-16));
#3991=DIRECTION('',(3.33066907387546E-16,3.2282524139005E-16,-0.999999999999998));
#3992=DIRECTION('',(-1.,-6.11216630313316E-31,-3.33066907387546E-16));
#3993=DIRECTION('',(1.,5.57290591870473E-31,3.33066907387546E-16));
#3994=DIRECTION('',(3.33066907387548E-16,3.22825241390051E-16,-1.));
#3995=DIRECTION('',(3.33066907387547E-16,2.11802938927536E-16,-0.999999999999998));
#3996=DIRECTION('',(-1.,-5.68075799559042E-31,-3.33066907387546E-16));
#3997=DIRECTION('',(1.,6.4819448524555E-31,3.33066907387546E-16));
#3998=DIRECTION('',(3.33066907387548E-16,2.11802938927536E-16,-1.));
#3999=DIRECTION('',(3.66373598126301E-16,3.20389831034456E-16,-0.999999999999998));
#4000=DIRECTION('',(-1.,-5.4157085162788E-31,-3.66373598126301E-16));
#4001=DIRECTION('',(1.,1.27423028283242E-31,3.33066907387546E-16));
#4002=DIRECTION('',(3.33066907387548E-16,3.20389831034456E-16,-1.));
#4003=DIRECTION('',(3.66373598126302E-16,2.59157491077089E-16,-0.999999999999998));
#4004=DIRECTION('',(-1.,1.40978720662957E-31,-3.66373598126301E-16));
#4005=DIRECTION('',(-2.65007960347684E-31,0.999999999999998,2.59157491077093E-16));
#4006=DIRECTION('',(-1.,1.90282527239271E-31,-3.66373598126301E-16));
#4007=DIRECTION('',(3.56832406375606E-16,1.48154393143694E-16,-0.999999999999997));
#4008=DIRECTION('',(-1.,-1.04083408558607E-17,-3.6116942769837E-16));
#4009=CARTESIAN_POINT('',(0.,0.,0.));
#4010=CARTESIAN_POINT('',(0.,0.,0.));
#4011=CARTESIAN_POINT('Origin',(-100.,-50.,0.));
#4012=CARTESIAN_POINT('',(-100.,-50.,0.));
#4013=CARTESIAN_POINT('',(100.,-50.,0.));
#4014=CARTESIAN_POINT('',(-100.,-50.,0.));
#4015=CARTESIAN_POINT('',(100.,-50.,50.));
#4016=CARTESIAN_POINT('',(100.,-50.,0.));
#4017=CARTESIAN_POINT('',(-100.,-50.,50.));
#4018=CARTESIAN_POINT('',(-100.,-50.,50.));
#4019=CARTESIAN_POINT('',(-100.,-50.,0.));
#4020=CARTESIAN_POINT('Origin',(-100.,50.,0.));
#4021=CARTESIAN_POINT('',(-100.,50.,0.));
#4022=CARTESIAN_POINT('',(-100.,50.,0.));
#4023=CARTESIAN_POINT('',(-100.,50.,50.));
#4024=CARTESIAN_POINT('',(-100.,50.,50.));
#4025=CARTESIAN_POINT('',(-100.,50.,0.));
#4026=CARTESIAN_POINT('Origin',(100.,50.,0.));
#4027=CARTESIAN_POINT('',(100.,50.,0.));
#4028=CARTESIAN_POINT('',(100.,50.,0.));
#4029=CARTESIAN_POINT('',(100.,50.,50.));
#4030=CARTESIAN_POINT('',(100.,50.,50.));
#4031=CARTESIAN_POINT('',(100.,50.,0.));
#4032=CARTESIAN_POINT('Origin',(100.,-50.,0.));
#4033=CARTESIAN_POINT('',(100.,-50.,0.));
#4034=CARTESIAN_POINT('',(100.,-50.,50.));
#4035=CARTESIAN_POINT('Origin',(0.,0.,50.));
#4036=CARTESIAN_POINT('Origin',(0.,0.,0.));
#4037=CARTESIAN_POINT('',(0.,0.,0.));
#4038=CARTESIAN_POINT('Origin',(0.,0.,0.));
#4039=CARTESIAN_POINT('',(-24.,44.,2.93915231795365E-15));
#4040=CARTESIAN_POINT('Origin',(0.,44.,0.));
#4041=CARTESIAN_POINT('',(-24.,0.,2.93915231795365E-15));
#4042=CARTESIAN_POINT('',(-24.,0.,2.93915231795365E-15));
#4043=CARTESIAN_POINT('Origin',(0.,0.,0.));
#4044=CARTESIAN_POINT('Origin',(-27.,0.,27.));
#4045=CARTESIAN_POINT('',(-27.,0.,27.));
#4046=CARTESIAN_POINT('',(27.,0.,27.));
#4047=CARTESIAN_POINT('',(-27.,0.,27.));
#4048=CARTESIAN_POINT('',(27.,44.,27.));
#4049=CARTESIAN_POINT('',(27.,0.,27.));
#4050=CARTESIAN_POINT('',(-27.,44.,27.));
#4051=CARTESIAN_POINT('',(-27.,44.,27.));
#4052=CARTESIAN_POINT('',(-27.,0.,27.));
#4053=CARTESIAN_POINT('Origin',(-27.,0.,0.));
#4054=CARTESIAN_POINT('',(-27.,0.,0.));
#4055=CARTESIAN_POINT('',(-27.,0.,0.));
#4056=CARTESIAN_POINT('',(-27.,44.,0.));
#4057=CARTESIAN_POINT('',(-27.,44.,0.));
#4058=CARTESIAN_POINT('',(-27.,0.,0.));
#4059=CARTESIAN_POINT('Origin',(0.,0.,0.));
#4060=CARTESIAN_POINT('',(27.,0.,0.));
#4061=CARTESIAN_POINT('Origin',(0.,0.,0.));
#4062=CARTESIAN_POINT('',(27.,44.,0.));
#4063=CARTESIAN_POINT('Origin',(0.,44.,0.));
#4064=CARTESIAN_POINT('',(27.,0.,0.));
#4065=CARTESIAN_POINT('Origin',(27.,0.,27.));
#4066=CARTESIAN_POINT('',(27.,0.,27.));
#4067=CARTESIAN_POINT('',(27.,44.,27.));
#4068=CARTESIAN_POINT('Origin',(0.,44.,-4.44089209850063E-15));
#4069=CARTESIAN_POINT('Origin',(0.,0.,-4.44089209850063E-15));
#4070=CARTESIAN_POINT('',(0.,0.,0.));
#4071=CARTESIAN_POINT('Origin',(0.,0.,0.));
#4072=CARTESIAN_POINT('',(-24.,-2.93915231795365E-15,54.));
#4073=CARTESIAN_POINT('Origin',(0.,0.,54.));
#4074=CARTESIAN_POINT('',(-24.,-2.93915231795365E-15,0.));
#4075=CARTESIAN_POINT('',(-24.,-2.93915231795365E-15,0.));
#4076=CARTESIAN_POINT('Origin',(0.,0.,0.));
#4077=CARTESIAN_POINT('Origin',(0.,0.,54.));
#4078=CARTESIAN_POINT('Origin',(0.,0.,0.));
#4079=CARTESIAN_POINT('',(0.,0.,0.));
#4080=CARTESIAN_POINT('Origin',(27.,-29.,-3.55147571752732E-15));
#4081=CARTESIAN_POINT('',(-27.,-29.,-3.55147571752732E-15));
#4082=CARTESIAN_POINT('',(-27.,-29.,70.));
#4083=CARTESIAN_POINT('',(-27.,-29.,-3.55147571752732E-15));
#4084=CARTESIAN_POINT('',(27.,-29.,-3.55147571752732E-15));
#4085=CARTESIAN_POINT('',(0.,-29.,0.));
#4086=CARTESIAN_POINT('',(27.,-29.,70.));
#4087=CARTESIAN_POINT('',(27.,-29.,-3.55147571752732E-15));
#4088=CARTESIAN_POINT('Origin',(0.,-29.,70.));
#4089=CARTESIAN_POINT('',(-24.,-29.,70.));
#4090=CARTESIAN_POINT('Origin',(0.,-29.,70.));
#4091=CARTESIAN_POINT('Origin',(0.,-29.,70.));
#4092=CARTESIAN_POINT('',(27.,-19.,70.));
#4093=CARTESIAN_POINT('',(27.,-29.,70.));
#4094=CARTESIAN_POINT('',(-27.,-19.,70.));
#4095=CARTESIAN_POINT('Origin',(0.,-19.,70.));
#4096=CARTESIAN_POINT('',(-27.,-29.,70.));
#4097=CARTESIAN_POINT('Origin',(0.,-29.,70.));
#4098=CARTESIAN_POINT('',(-24.,-19.,70.));
#4099=CARTESIAN_POINT('Origin',(0.,-19.,70.));
#4100=CARTESIAN_POINT('',(-24.,-29.,70.));
#4101=CARTESIAN_POINT('Origin',(27.,-19.,70.));
#4102=CARTESIAN_POINT('',(27.,-19.,21.9089023002067));
#4103=CARTESIAN_POINT('',(27.,-19.,70.));
#4104=CARTESIAN_POINT('',(-27.,-19.,21.9089023002067));
#4105=CARTESIAN_POINT('',(0.,-19.,21.9089023002066));
#4106=CARTESIAN_POINT('',(-27.,-19.,70.));
#4107=CARTESIAN_POINT('Origin',(-27.,0.,0.));
#4108=CARTESIAN_POINT('Origin',(-27.,0.,0.));
#4109=CARTESIAN_POINT('',(-27.,-24.,-2.93915231795365E-15));
#4110=CARTESIAN_POINT('Origin',(-27.,0.,0.));
#4111=CARTESIAN_POINT('Origin',(0.,0.,0.));
#4112=CARTESIAN_POINT('',(27.,-24.,-2.93915231795365E-15));
#4113=CARTESIAN_POINT('Origin',(27.,0.,0.));
#4114=CARTESIAN_POINT('',(0.,-24.,-2.93915231795365E-15));
#4115=CARTESIAN_POINT('Origin',(0.,0.,0.));
#4116=CARTESIAN_POINT('Origin',(27.,0.,0.));
#4117=CARTESIAN_POINT('Origin',(27.,0.,0.));
#4118=CARTESIAN_POINT('',(0.,0.,0.));
#4119=CARTESIAN_POINT('Origin',(0.,0.,0.));
#4120=CARTESIAN_POINT('',(-24.,-2.93915231795365E-15,54.));
#4121=CARTESIAN_POINT('Origin',(0.,0.,54.));
#4122=CARTESIAN_POINT('',(-24.,-2.93915231795365E-15,0.));
#4123=CARTESIAN_POINT('',(-24.,-2.93915231795365E-15,0.));
#4124=CARTESIAN_POINT('Origin',(0.,0.,0.));
#4125=CARTESIAN_POINT('Origin',(0.,0.,54.));
#4126=CARTESIAN_POINT('Origin',(0.,0.,0.));
#4127=CARTESIAN_POINT('',(0.,0.,0.));
#4128=CARTESIAN_POINT('Origin',(-27.,-18.7478570203942,93.5));
#4129=CARTESIAN_POINT('',(-54.,-18.7478570203942,101.));
#4130=CARTESIAN_POINT('',(-54.,-26.2256347493263,92.9230769230769));
#4131=CARTESIAN_POINT('Origin',(-54.,-18.7478570203942,93.5));
#4132=CARTESIAN_POINT('',(0.,-26.2256347493263,92.9230769230769));
#4133=CARTESIAN_POINT('',(-27.,-26.2256347493263,92.9230769230769));
#4134=CARTESIAN_POINT('',(0.,-18.7478570203942,101.));
#4135=CARTESIAN_POINT('Origin',(0.,-18.7478570203942,93.5));
#4136=CARTESIAN_POINT('',(-27.,-18.7478570203942,101.));
#4137=CARTESIAN_POINT('Origin',(-54.,0.,63.1538461538462));
#4138=CARTESIAN_POINT('',(-54.,-3.10862446895044E-14,101.));
#4139=CARTESIAN_POINT('',(-54.,-13.424391446702,101.));
#4140=CARTESIAN_POINT('',(-54.,24.0871590411082,113.850425103788));
#4141=CARTESIAN_POINT('Origin',(-54.,0.,130.));
#4142=CARTESIAN_POINT('',(-54.,27.7424164843022,112.582815163996));
#4143=CARTESIAN_POINT('Origin',(-54.,25.7483424232536,112.736661317842));
#4144=CARTESIAN_POINT('',(-54.,21.2345148524756,28.2307692307692));
#4145=CARTESIAN_POINT('',(-54.,18.9437035799614,-1.46153846153846));
#4146=CARTESIAN_POINT('',(-54.,11.2641445472327,19.));
#4147=CARTESIAN_POINT('Origin',(-54.,11.2641445472327,29.));
#4148=CARTESIAN_POINT('',(-54.,-11.2641445472327,19.));
#4149=CARTESIAN_POINT('',(-54.,10.2611727724791,19.));
#4150=CARTESIAN_POINT('',(-54.,-21.2345148524756,28.2307692307693));
#4151=CARTESIAN_POINT('Origin',(-54.,-11.2641445472327,29.));
#4152=CARTESIAN_POINT('',(-54.,-28.9140738852043,127.769230769231));
#4153=CARTESIAN_POINT('Origin',(-54.,-26.848782893404,101.));
#4154=CARTESIAN_POINT('',(0.,-3.10862446895044E-14,101.));
#4155=CARTESIAN_POINT('',(0.,-3.10862446895044E-14,101.));
#4156=CARTESIAN_POINT('',(0.,0.,101.));
#4157=CARTESIAN_POINT('Origin',(0.,-28.9140738852043,127.769230769231));
#4158=CARTESIAN_POINT('',(0.,-21.2345148524756,28.2307692307692));
#4159=CARTESIAN_POINT('',(-27.,-21.2345148524756,28.2307692307692));
#4160=CARTESIAN_POINT('',(0.,-18.9437035799615,-1.46153846153847));
#4161=CARTESIAN_POINT('',(0.,-26.613219199379,97.9467455621302));
#4162=CARTESIAN_POINT('',(28.75,-18.9437035799615,-1.46153846153847));
#4163=CARTESIAN_POINT('',(0.,-18.9437035799615,-1.46153846153847));
#4164=CARTESIAN_POINT('',(28.75,-28.9140738852043,127.769230769231));
#4165=CARTESIAN_POINT('',(28.75,-28.9140738852043,127.769230769231));
#4166=CARTESIAN_POINT('',(0.,-28.9140738852043,127.769230769231));
#4167=CARTESIAN_POINT('',(0.,-28.9140738852043,127.769230769231));
#4168=CARTESIAN_POINT('',(0.,-26.613219199379,97.9467455621302));
#4169=CARTESIAN_POINT('Origin',(-27.,11.2641445472327,29.));
#4170=CARTESIAN_POINT('',(0.,21.2345148524756,28.2307692307692));
#4171=CARTESIAN_POINT('',(-27.,21.2345148524756,28.2307692307692));
#4172=CARTESIAN_POINT('',(0.,11.2641445472327,19.));
#4173=CARTESIAN_POINT('Origin',(0.,11.2641445472327,29.));
#4174=CARTESIAN_POINT('',(-27.,11.2641445472327,19.));
#4175=CARTESIAN_POINT('Origin',(-54.,20.5223455449582,19.));
#4176=CARTESIAN_POINT('',(0.,-11.2641445472327,19.));
#4177=CARTESIAN_POINT('',(0.,35.0811295210621,19.));
#4178=CARTESIAN_POINT('',(-27.,-11.2641445472327,19.));
#4179=CARTESIAN_POINT('Origin',(-27.,-11.2641445472327,29.));
#4180=CARTESIAN_POINT('Origin',(0.,-11.2641445472327,29.));
#4181=CARTESIAN_POINT('Origin',(0.,18.9437035799614,-1.46153846153846));
#4182=CARTESIAN_POINT('',(0.,27.7424164843022,112.582815163996));
#4183=CARTESIAN_POINT('',(0.,27.7424164843022,112.582815163996));
#4184=CARTESIAN_POINT('',(0.,28.9140738852043,127.769230769231));
#4185=CARTESIAN_POINT('',(0.,21.6280340467576,33.3313609467456));
#4186=CARTESIAN_POINT('',(28.75,28.9140738852043,127.769230769231));
#4187=CARTESIAN_POINT('',(0.,28.9140738852043,127.769230769231));
#4188=CARTESIAN_POINT('',(28.75,18.9437035799614,-1.46153846153846));
#4189=CARTESIAN_POINT('',(28.75,18.9437035799614,-1.46153846153846));
#4190=CARTESIAN_POINT('',(0.,18.9437035799614,-1.46153846153846));
#4191=CARTESIAN_POINT('',(0.,18.9437035799614,-1.46153846153846));
#4192=CARTESIAN_POINT('',(0.,21.6280340467576,33.3313609467456));
#4193=CARTESIAN_POINT('Origin',(0.,25.7483424232536,112.736661317842));
#4194=CARTESIAN_POINT('',(0.,24.0871590411082,113.850425103788));
#4195=CARTESIAN_POINT('',(0.,24.0871590411082,113.850425103788));
#4196=CARTESIAN_POINT('Origin',(0.,25.7483424232536,112.736661317842));
#4197=CARTESIAN_POINT('Origin',(0.,0.,130.));
#4198=CARTESIAN_POINT('Origin',(0.,0.,130.));
#4199=CARTESIAN_POINT('Origin',(0.,0.,70.));
#4200=CARTESIAN_POINT('Origin',(0.,0.,0.));
#4201=CARTESIAN_POINT('Origin',(0.,0.,70.));
#4202=CARTESIAN_POINT('Origin',(0.,0.,130.));
#4203=CARTESIAN_POINT('Origin',(0.,0.,0.));
#4204=CARTESIAN_POINT('Origin',(28.75,0.,0.));
#4205=CARTESIAN_POINT('Origin',(0.,0.,130.));
#4206=CARTESIAN_POINT('Origin',(28.75,0.,130.));
#4207=CARTESIAN_POINT('Origin',(28.75,0.,70.));
#4208=CARTESIAN_POINT('',(0.,0.,0.));
#4209=CARTESIAN_POINT('Origin',(0.,0.,0.));
#4210=CARTESIAN_POINT('',(-24.,-2.93915231795365E-15,54.));
#4211=CARTESIAN_POINT('Origin',(0.,0.,54.));
#4212=CARTESIAN_POINT('',(-24.,-2.93915231795365E-15,0.));
#4213=CARTESIAN_POINT('',(-24.,-2.93915231795365E-15,0.));
#4214=CARTESIAN_POINT('Origin',(0.,0.,0.));
#4215=CARTESIAN_POINT('Origin',(0.,0.,54.));
#4216=CARTESIAN_POINT('Origin',(0.,0.,0.));
#4217=CARTESIAN_POINT('',(0.,0.,0.));
#4218=CARTESIAN_POINT('Origin',(26.9238644838333,-7.92386496067047,-6.32827124036339E-16));
#4219=CARTESIAN_POINT('',(26.9238644838333,-7.92386496067047,162.));
#4220=CARTESIAN_POINT('',(56.9238644838333,-7.92386496067048,162.));
#4221=CARTESIAN_POINT('',(41.9238644838333,-7.92386496067047,162.));
#4222=CARTESIAN_POINT('',(26.9238644838333,-7.92386496067047,200.));
#4223=CARTESIAN_POINT('',(26.9238644838333,-7.92386496067047,50.));
#4224=CARTESIAN_POINT('',(-3.07613551616669,-7.92386496067047,200.));
#4225=CARTESIAN_POINT('',(26.9238644838333,-7.92386496067047,200.));
#4226=CARTESIAN_POINT('',(-3.07613551616668,-7.92386496067047,-1.63202784619898E-15));
#4227=CARTESIAN_POINT('',(-3.07613551616669,-7.92386496067047,200.));
#4228=CARTESIAN_POINT('',(-1.82613551616668,-7.92386496067047,-2.49245069028348E-15));
#4229=CARTESIAN_POINT('',(26.9238644838333,-7.92386496067047,-1.53488333154428E-15));
#4230=CARTESIAN_POINT('',(-1.82613551616668,-7.92386496067047,59.));
#4231=CARTESIAN_POINT('',(-1.82613551616668,-7.92386496067047,25.5));
#4232=CARTESIAN_POINT('',(55.6738644838333,-7.92386496067048,59.));
#4233=CARTESIAN_POINT('',(12.5488644838333,-7.92386496067047,59.));
#4234=CARTESIAN_POINT('',(55.6738644838333,-7.92386496067047,-2.49245069028348E-15));
#4235=CARTESIAN_POINT('',(55.6738644838333,-7.92386496067047,25.5));
#4236=CARTESIAN_POINT('',(56.9238644838333,-7.92386496067047,0.));
#4237=CARTESIAN_POINT('',(55.6738644838333,-7.92386496067047,-2.49245069028348E-15));
#4238=CARTESIAN_POINT('',(56.9238644838333,-7.92386496067047,3.66373598126301E-16));
#4239=CARTESIAN_POINT('Origin',(41.9238644838333,11.0761350393295,162.));
#4240=CARTESIAN_POINT('',(56.9238644838333,30.0761350393295,162.));
#4241=CARTESIAN_POINT('Origin',(56.9238644838333,11.0761350393295,162.));
#4242=CARTESIAN_POINT('',(26.9238644838333,30.0761350393295,162.));
#4243=CARTESIAN_POINT('',(41.9238644838333,30.0761350393295,162.));
#4244=CARTESIAN_POINT('Origin',(26.9238644838333,11.0761350393295,162.));
#4245=CARTESIAN_POINT('Origin',(56.9238644838333,11.0761350393295,100.));
#4246=CARTESIAN_POINT('',(56.9238644838333,30.0761350393295,0.));
#4247=CARTESIAN_POINT('Origin',(56.9238644838333,11.0761350393295,-9.57567358739198E-16));
#4248=CARTESIAN_POINT('',(56.9238644838333,30.0761350393295,125.5));
#4249=CARTESIAN_POINT('Origin',(26.9238644838333,30.0761350393295,200.));
#4250=CARTESIAN_POINT('',(55.6738644838333,30.0761350393295,-1.74951294557489E-15));
#4251=CARTESIAN_POINT('',(55.6738644838333,30.0761350393295,-1.74951294557489E-15));
#4252=CARTESIAN_POINT('',(55.6738644838333,30.0761350393295,59.));
#4253=CARTESIAN_POINT('',(55.6738644838333,30.0761350393295,125.5));
#4254=CARTESIAN_POINT('',(-1.82613551616668,30.0761350393295,59.));
#4255=CARTESIAN_POINT('',(12.5488644838333,30.0761350393295,59.));
#4256=CARTESIAN_POINT('',(-1.82613551616668,30.0761350393295,-1.74951294557489E-15));
#4257=CARTESIAN_POINT('',(-1.82613551616668,30.0761350393295,125.5));
#4258=CARTESIAN_POINT('',(-3.07613551616667,30.0761350393296,-3.66373598126301E-16));
#4259=CARTESIAN_POINT('',(26.9238644838333,30.0761350393295,-7.91945586835693E-16));
#4260=CARTESIAN_POINT('',(-3.07613551616668,30.0761350393295,200.));
#4261=CARTESIAN_POINT('',(-3.07613551616668,30.0761350393295,200.));
#4262=CARTESIAN_POINT('',(26.9238644838333,30.0761350393295,200.));
#4263=CARTESIAN_POINT('',(26.9238644838333,30.0761350393295,200.));
#4264=CARTESIAN_POINT('',(26.9238644838333,30.0761350393295,150.));
#4265=CARTESIAN_POINT('Origin',(12.5488644838333,11.0761350393295,59.));
#4266=CARTESIAN_POINT('Origin',(-1.82613551616669,11.0761350393295,59.));
#4267=CARTESIAN_POINT('Origin',(55.6738644838333,11.0761350393295,59.));
#4268=CARTESIAN_POINT('Origin',(55.6738644838333,11.0761350393295,-9.57567358739198E-16));
#4269=CARTESIAN_POINT('Origin',(55.6738644838333,11.0761350393295,-9.57567358739198E-16));
#4270=CARTESIAN_POINT('Origin',(55.6738644838333,30.0761350393295,51.));
#4271=CARTESIAN_POINT('Origin',(-1.82613551616668,30.0761350393295,51.));
#4272=CARTESIAN_POINT('Origin',(-1.82613551616669,11.0761350393295,-9.57567358739198E-16));
#4273=CARTESIAN_POINT('Origin',(26.9238644838333,11.0761350393295,0.));
#4274=CARTESIAN_POINT('Origin',(-3.07613551616668,11.0761350393295,-9.99200722162641E-16));
#4275=CARTESIAN_POINT('Origin',(26.9238644838333,11.0761350393295,100.));
#4276=CARTESIAN_POINT('Origin',(26.9238644838333,11.0761350393295,200.));
#4277=CARTESIAN_POINT('Origin',(26.9238644838333,11.0761350393295,200.));
#4278=CARTESIAN_POINT('Origin',(-3.07613551616669,11.0761350393295,200.));
#4279=CARTESIAN_POINT('Origin',(-3.07613551616668,11.0761350393295,100.));
#4280=CARTESIAN_POINT('',(0.,0.,0.));
#4281=CARTESIAN_POINT('Origin',(0.,0.,0.));
#4282=CARTESIAN_POINT('',(-24.,-2.93915231795365E-15,54.));
#4283=CARTESIAN_POINT('Origin',(0.,0.,54.));
#4284=CARTESIAN_POINT('',(-24.,-2.93915231795365E-15,0.));
#4285=CARTESIAN_POINT('',(-24.,-2.93915231795365E-15,0.));
#4286=CARTESIAN_POINT('Origin',(0.,0.,0.));
#4287=CARTESIAN_POINT('Origin',(0.,0.,54.));
#4288=CARTESIAN_POINT('Origin',(0.,0.,0.));
#4289=CARTESIAN_POINT('',(0.,0.,0.));
#4290=CARTESIAN_POINT('Origin',(0.,-21.5,-0.624999999999996));
#4291=CARTESIAN_POINT('',(28.75,-21.5,-4.93641648852209E-12));
#4292=CARTESIAN_POINT('',(-28.75,-21.5,4.93993734806963E-12));
#4293=CARTESIAN_POINT('Origin',(0.,-21.5,0.));
#4294=CARTESIAN_POINT('',(-28.75,-21.5,-8.56956825050127));
#4295=CARTESIAN_POINT('',(-28.75,-21.5,4.93993734806963E-12));
#4296=CARTESIAN_POINT('',(28.75,-21.5,-8.5695682505013));
#4297=CARTESIAN_POINT('Origin',(0.,-21.5,0.));
#4298=CARTESIAN_POINT('',(28.75,-21.5,0.));
#4299=CARTESIAN_POINT('',(-23.75,-21.5,2.90853614797496E-15));
#4300=CARTESIAN_POINT('Origin',(0.,-21.5,0.));
#4301=CARTESIAN_POINT('Origin',(0.,0.,0.));
#4302=CARTESIAN_POINT('',(-23.75,21.5,2.90853614797496E-15));
#4303=CARTESIAN_POINT('Origin',(0.,21.5,0.));
#4304=CARTESIAN_POINT('',(-23.75,0.,2.90853614797496E-15));
#4305=CARTESIAN_POINT('Origin',(-28.75,0.,-8.56956825050127));
#4306=CARTESIAN_POINT('',(-28.75,21.5,4.93993734806963E-12));
#4307=CARTESIAN_POINT('',(-28.75,0.,4.93993734806963E-12));
#4308=CARTESIAN_POINT('',(-28.75,21.5,-8.56956825050127));
#4309=CARTESIAN_POINT('',(-28.75,21.5,4.93993734806963E-12));
#4310=CARTESIAN_POINT('',(-28.75,0.,-8.56956825050127));
#4311=CARTESIAN_POINT('Origin',(0.,0.,0.));
#4312=CARTESIAN_POINT('',(28.75,21.5,-8.5695682505013));
#4313=CARTESIAN_POINT('Origin',(0.,21.5,0.));
#4314=CARTESIAN_POINT('',(28.75,0.,-8.5695682505013));
#4315=CARTESIAN_POINT('Origin',(28.75,0.,-4.93641648852209E-12));
#4316=CARTESIAN_POINT('',(28.75,21.5,-4.93641648852209E-12));
#4317=CARTESIAN_POINT('',(28.75,21.5,0.));
#4318=CARTESIAN_POINT('',(28.75,0.,-4.93641648852209E-12));
#4319=CARTESIAN_POINT('Origin',(0.,0.,0.));
#4320=CARTESIAN_POINT('Origin',(0.,21.5,0.));
#4321=CARTESIAN_POINT('Origin',(0.,21.5,-0.624999999999996));
#4322=CARTESIAN_POINT('',(0.,0.,0.));
#4323=CARTESIAN_POINT('Origin',(0.,0.,0.));
#4324=CARTESIAN_POINT('',(-23.75,-2.90853614797496E-15,43.));
#4325=CARTESIAN_POINT('Origin',(0.,0.,43.));
#4326=CARTESIAN_POINT('',(-23.75,-2.90853614797496E-15,0.));
#4327=CARTESIAN_POINT('',(-23.75,-2.90853614797496E-15,0.));
#4328=CARTESIAN_POINT('Origin',(0.,0.,0.));
#4329=CARTESIAN_POINT('Origin',(0.,0.,43.));
#4330=CARTESIAN_POINT('Origin',(0.,0.,0.));
#4331=CARTESIAN_POINT('',(0.,0.,0.));
#4332=CARTESIAN_POINT('Origin',(0.,-11.5,40.));
#4333=CARTESIAN_POINT('',(23.75,-11.5,40.));
#4334=CARTESIAN_POINT('',(-23.75,-11.5,40.));
#4335=CARTESIAN_POINT('Origin',(0.,-11.5,40.));
#4336=CARTESIAN_POINT('',(23.75,-1.49999999999999,40.));
#4337=CARTESIAN_POINT('',(23.75,-1.5,40.));
#4338=CARTESIAN_POINT('',(-23.75,-1.49999999999999,40.));
#4339=CARTESIAN_POINT('Origin',(0.,-1.49999999999999,40.));
#4340=CARTESIAN_POINT('',(-23.75,-11.5,40.));
#4341=CARTESIAN_POINT('Origin',(-23.75,-1.49999999999999,10.));
#4342=CARTESIAN_POINT('',(-23.75,-11.5,10.));
#4343=CARTESIAN_POINT('',(-23.75,-1.49999999999999,10.));
#4344=CARTESIAN_POINT('',(-23.75,-0.749999999999993,10.));
#4345=CARTESIAN_POINT('',(-23.75,-11.5,10.));
#4346=CARTESIAN_POINT('',(-23.75,-1.49999999999999,10.));
#4347=CARTESIAN_POINT('Origin',(23.75,-1.5,10.));
#4348=CARTESIAN_POINT('',(23.75,-1.5,10.));
#4349=CARTESIAN_POINT('',(11.875,-1.5,10.));
#4350=CARTESIAN_POINT('',(23.75,-1.5,10.));
#4351=CARTESIAN_POINT('Origin',(23.75,-11.5,10.));
#4352=CARTESIAN_POINT('',(23.75,-11.5,10.));
#4353=CARTESIAN_POINT('',(23.75,-5.74999999999999,10.));
#4354=CARTESIAN_POINT('',(23.75,-11.5,10.));
#4355=CARTESIAN_POINT('Origin',(-23.75,-11.5,10.));
#4356=CARTESIAN_POINT('',(-11.875,-11.5,10.));
#4357=CARTESIAN_POINT('Origin',(35.,-60.,0.));
#4358=CARTESIAN_POINT('',(35.,60.,0.));
#4359=CARTESIAN_POINT('',(35.,-60.,0.));
#4360=CARTESIAN_POINT('',(35.,60.,0.));
#4361=CARTESIAN_POINT('',(35.,60.,10.));
#4362=CARTESIAN_POINT('',(35.,60.,0.));
#4363=CARTESIAN_POINT('',(35.,-60.,10.));
#4364=CARTESIAN_POINT('',(35.,60.,10.));
#4365=CARTESIAN_POINT('',(35.,-60.,0.));
#4366=CARTESIAN_POINT('Origin',(-35.,-60.,0.));
#4367=CARTESIAN_POINT('',(-35.,-60.,0.));
#4368=CARTESIAN_POINT('',(35.,-60.,0.));
#4369=CARTESIAN_POINT('',(-35.,-60.,10.));
#4370=CARTESIAN_POINT('',(35.,-60.,10.));
#4371=CARTESIAN_POINT('',(-35.,-60.,0.));
#4372=CARTESIAN_POINT('Origin',(-35.,60.,0.));
#4373=CARTESIAN_POINT('',(-35.,60.,0.));
#4374=CARTESIAN_POINT('',(-35.,-60.,0.));
#4375=CARTESIAN_POINT('',(-35.,60.,10.));
#4376=CARTESIAN_POINT('',(-35.,-60.,10.));
#4377=CARTESIAN_POINT('',(-35.,60.,0.));
#4378=CARTESIAN_POINT('Origin',(35.,60.,0.));
#4379=CARTESIAN_POINT('',(-35.,60.,0.));
#4380=CARTESIAN_POINT('',(-35.,60.,10.));
#4381=CARTESIAN_POINT('Origin',(-8.88178419700125E-15,8.88178419700125E-15,
10.));
#4382=CARTESIAN_POINT('Origin',(-8.88178419700125E-15,8.88178419700125E-15,
0.));
#4383=CARTESIAN_POINT('',(0.,0.,0.));
#4384=CARTESIAN_POINT('Origin',(0.,0.,0.));
#4385=CARTESIAN_POINT('',(-24.,44.,-2.93915231795365E-15));
#4386=CARTESIAN_POINT('Origin',(0.,44.,0.));
#4387=CARTESIAN_POINT('',(-24.,0.,-2.93915231795365E-15));
#4388=CARTESIAN_POINT('',(-24.,0.,-2.93915231795365E-15));
#4389=CARTESIAN_POINT('Origin',(0.,0.,0.));
#4390=CARTESIAN_POINT('Origin',(-27.,0.,-27.));
#4391=CARTESIAN_POINT('',(-27.,0.,-27.));
#4392=CARTESIAN_POINT('',(27.,0.,-27.));
#4393=CARTESIAN_POINT('',(-27.,0.,-27.));
#4394=CARTESIAN_POINT('',(-27.,44.,-27.));
#4395=CARTESIAN_POINT('',(-27.,0.,-27.));
#4396=CARTESIAN_POINT('',(27.,44.,-27.));
#4397=CARTESIAN_POINT('',(-27.,44.,-27.));
#4398=CARTESIAN_POINT('',(27.,0.,-27.));
#4399=CARTESIAN_POINT('Origin',(-27.,0.,0.));
#4400=CARTESIAN_POINT('',(-27.,0.,0.));
#4401=CARTESIAN_POINT('',(-27.,0.,0.));
#4402=CARTESIAN_POINT('',(-27.,44.,0.));
#4403=CARTESIAN_POINT('',(-27.,0.,0.));
#4404=CARTESIAN_POINT('',(-27.,44.,0.));
#4405=CARTESIAN_POINT('Origin',(0.,0.,0.));
#4406=CARTESIAN_POINT('',(27.,0.,0.));
#4407=CARTESIAN_POINT('Origin',(0.,0.,0.));
#4408=CARTESIAN_POINT('',(27.,44.,0.));
#4409=CARTESIAN_POINT('',(27.,0.,0.));
#4410=CARTESIAN_POINT('Origin',(0.,44.,0.));
#4411=CARTESIAN_POINT('Origin',(27.,0.,-27.));
#4412=CARTESIAN_POINT('',(27.,0.,-27.));
#4413=CARTESIAN_POINT('',(27.,44.,-27.));
#4414=CARTESIAN_POINT('Origin',(0.,44.,4.44089209850063E-15));
#4415=CARTESIAN_POINT('Origin',(0.,0.,4.44089209850063E-15));
#4416=CARTESIAN_POINT('',(0.,0.,0.));
#4417=CARTESIAN_POINT('Origin',(0.,0.,0.));
#4418=CARTESIAN_POINT('',(-24.,-2.93915231795365E-15,-54.));
#4419=CARTESIAN_POINT('Origin',(0.,0.,-54.));
#4420=CARTESIAN_POINT('',(-24.,-2.93915231795365E-15,0.));
#4421=CARTESIAN_POINT('',(-24.,-2.93915231795365E-15,0.));
#4422=CARTESIAN_POINT('Origin',(0.,0.,0.));
#4423=CARTESIAN_POINT('Origin',(0.,0.,-54.));
#4424=CARTESIAN_POINT('Origin',(0.,0.,0.));
#4425=CARTESIAN_POINT('',(0.,0.,0.));
#4426=CARTESIAN_POINT('Origin',(27.,-29.,3.55147571752732E-15));
#4427=CARTESIAN_POINT('',(-27.,-29.,3.55147571752732E-15));
#4428=CARTESIAN_POINT('',(-27.,-29.,-70.));
#4429=CARTESIAN_POINT('',(-27.,-29.,3.55147571752732E-15));
#4430=CARTESIAN_POINT('',(27.,-29.,-70.));
#4431=CARTESIAN_POINT('Origin',(0.,-29.,-70.));
#4432=CARTESIAN_POINT('',(27.,-29.,3.55147571752732E-15));
#4433=CARTESIAN_POINT('',(27.,-29.,3.55147571752732E-15));
#4434=CARTESIAN_POINT('',(0.,-29.,0.));
#4435=CARTESIAN_POINT('',(-24.,-29.,-70.));
#4436=CARTESIAN_POINT('Origin',(0.,-29.,-70.));
#4437=CARTESIAN_POINT('Origin',(0.,-29.,-70.));
#4438=CARTESIAN_POINT('',(-27.,-19.,-70.));
#4439=CARTESIAN_POINT('',(-27.,-29.,-70.));
#4440=CARTESIAN_POINT('',(27.,-19.,-70.));
#4441=CARTESIAN_POINT('Origin',(0.,-19.,-70.));
#4442=CARTESIAN_POINT('',(27.,-29.,-70.));
#4443=CARTESIAN_POINT('Origin',(0.,-29.,-70.));
#4444=CARTESIAN_POINT('',(-24.,-19.,-70.));
#4445=CARTESIAN_POINT('Origin',(0.,-19.,-70.));
#4446=CARTESIAN_POINT('',(-24.,-29.,-70.));
#4447=CARTESIAN_POINT('Origin',(27.,-19.,-70.));
#4448=CARTESIAN_POINT('',(-27.,-19.,-21.9089023002067));
#4449=CARTESIAN_POINT('',(-27.,-19.,-70.));
#4450=CARTESIAN_POINT('',(27.,-19.,-21.9089023002067));
#4451=CARTESIAN_POINT('',(0.,-19.,-21.9089023002066));
#4452=CARTESIAN_POINT('',(27.,-19.,-70.));
#4453=CARTESIAN_POINT('Origin',(-27.,0.,0.));
#4454=CARTESIAN_POINT('Origin',(-27.,0.,0.));
#4455=CARTESIAN_POINT('',(-27.,-24.,2.93915231795365E-15));
#4456=CARTESIAN_POINT('Origin',(-27.,0.,0.));
#4457=CARTESIAN_POINT('Origin',(0.,0.,0.));
#4458=CARTESIAN_POINT('',(27.,-24.,2.93915231795365E-15));
#4459=CARTESIAN_POINT('Origin',(27.,0.,0.));
#4460=CARTESIAN_POINT('',(0.,-24.,2.93915231795365E-15));
#4461=CARTESIAN_POINT('Origin',(0.,0.,0.));
#4462=CARTESIAN_POINT('Origin',(27.,0.,0.));
#4463=CARTESIAN_POINT('Origin',(27.,0.,0.));
#4464=CARTESIAN_POINT('',(0.,0.,0.));
#4465=CARTESIAN_POINT('Origin',(0.,0.,0.));
#4466=CARTESIAN_POINT('',(-24.,-2.93915231795365E-15,-54.));
#4467=CARTESIAN_POINT('Origin',(0.,0.,-54.));
#4468=CARTESIAN_POINT('',(-24.,-2.93915231795365E-15,0.));
#4469=CARTESIAN_POINT('',(-24.,-2.93915231795365E-15,0.));
#4470=CARTESIAN_POINT('Origin',(0.,0.,0.));
#4471=CARTESIAN_POINT('Origin',(0.,0.,-54.));
#4472=CARTESIAN_POINT('Origin',(0.,0.,0.));
#4473=CARTESIAN_POINT('',(0.,0.,0.));
#4474=CARTESIAN_POINT('Origin',(-27.,-18.7478570203942,-93.5));
#4475=CARTESIAN_POINT('',(-54.,-18.7478570203942,-101.));
#4476=CARTESIAN_POINT('',(-54.,-26.2256347493263,-92.9230769230769));
#4477=CARTESIAN_POINT('Origin',(-54.,-18.7478570203942,-93.5));
#4478=CARTESIAN_POINT('',(0.,-18.7478570203942,-101.));
#4479=CARTESIAN_POINT('',(-27.,-18.7478570203942,-101.));
#4480=CARTESIAN_POINT('',(0.,-26.2256347493263,-92.9230769230769));
#4481=CARTESIAN_POINT('Origin',(0.,-18.7478570203942,-93.5));
#4482=CARTESIAN_POINT('',(-27.,-26.2256347493263,-92.9230769230769));
#4483=CARTESIAN_POINT('Origin',(-54.,0.,-63.1538461538462));
#4484=CARTESIAN_POINT('',(-54.,-21.2345148524756,-28.2307692307693));
#4485=CARTESIAN_POINT('',(-54.,-28.9140738852043,-127.769230769231));
#4486=CARTESIAN_POINT('',(-54.,-11.2641445472327,-19.));
#4487=CARTESIAN_POINT('Origin',(-54.,-11.2641445472327,-29.));
#4488=CARTESIAN_POINT('',(-54.,11.2641445472327,-19.));
#4489=CARTESIAN_POINT('',(-54.,10.2611727724791,-19.));
#4490=CARTESIAN_POINT('',(-54.,21.2345148524756,-28.2307692307692));
#4491=CARTESIAN_POINT('Origin',(-54.,11.2641445472327,-29.));
#4492=CARTESIAN_POINT('',(-54.,27.7424164843022,-112.582815163996));
#4493=CARTESIAN_POINT('',(-54.,18.9437035799614,1.46153846153846));
#4494=CARTESIAN_POINT('',(-54.,24.0871590411082,-113.850425103788));
#4495=CARTESIAN_POINT('Origin',(-54.,25.7483424232536,-112.736661317842));
#4496=CARTESIAN_POINT('',(-54.,-3.10862446895044E-14,-101.));
#4497=CARTESIAN_POINT('Origin',(-54.,0.,-130.));
#4498=CARTESIAN_POINT('',(-54.,-13.424391446702,-101.));
#4499=CARTESIAN_POINT('Origin',(-54.,-26.848782893404,-101.));
#4500=CARTESIAN_POINT('',(0.,-3.10862446895044E-14,-101.));
#4501=CARTESIAN_POINT('',(0.,0.,-101.));
#4502=CARTESIAN_POINT('',(0.,-3.10862446895044E-14,-101.));
#4503=CARTESIAN_POINT('Origin',(0.,-28.9140738852043,-127.769230769231));
#4504=CARTESIAN_POINT('',(0.,-28.9140738852043,-127.769230769231));
#4505=CARTESIAN_POINT('',(0.,-26.613219199379,-97.9467455621302));
#4506=CARTESIAN_POINT('',(28.75,-28.9140738852043,-127.769230769231));
#4507=CARTESIAN_POINT('',(0.,-28.9140738852043,-127.769230769231));
#4508=CARTESIAN_POINT('',(28.75,-18.9437035799615,1.46153846153847));
#4509=CARTESIAN_POINT('',(28.75,-28.9140738852043,-127.769230769231));
#4510=CARTESIAN_POINT('',(0.,-18.9437035799615,1.46153846153847));
#4511=CARTESIAN_POINT('',(0.,-18.9437035799615,1.46153846153847));
#4512=CARTESIAN_POINT('',(0.,-21.2345148524756,-28.2307692307692));
#4513=CARTESIAN_POINT('',(0.,-26.613219199379,-97.9467455621302));
#4514=CARTESIAN_POINT('',(-27.,-21.2345148524756,-28.2307692307692));
#4515=CARTESIAN_POINT('Origin',(-27.,11.2641445472327,-29.));
#4516=CARTESIAN_POINT('',(0.,11.2641445472327,-19.));
#4517=CARTESIAN_POINT('',(-27.,11.2641445472327,-19.));
#4518=CARTESIAN_POINT('',(0.,21.2345148524756,-28.2307692307692));
#4519=CARTESIAN_POINT('Origin',(0.,11.2641445472327,-29.));
#4520=CARTESIAN_POINT('',(-27.,21.2345148524756,-28.2307692307692));
#4521=CARTESIAN_POINT('Origin',(-54.,20.5223455449582,-19.));
#4522=CARTESIAN_POINT('',(0.,-11.2641445472327,-19.));
#4523=CARTESIAN_POINT('',(-27.,-11.2641445472327,-19.));
#4524=CARTESIAN_POINT('',(0.,35.0811295210621,-19.));
#4525=CARTESIAN_POINT('Origin',(-27.,-11.2641445472327,-29.));
#4526=CARTESIAN_POINT('Origin',(0.,-11.2641445472327,-29.));
#4527=CARTESIAN_POINT('Origin',(0.,18.9437035799614,1.46153846153846));
#4528=CARTESIAN_POINT('',(0.,18.9437035799614,1.46153846153846));
#4529=CARTESIAN_POINT('',(0.,21.6280340467576,-33.3313609467456));
#4530=CARTESIAN_POINT('',(28.75,18.9437035799614,1.46153846153846));
#4531=CARTESIAN_POINT('',(0.,18.9437035799614,1.46153846153846));
#4532=CARTESIAN_POINT('',(28.75,28.9140738852043,-127.769230769231));
#4533=CARTESIAN_POINT('',(28.75,18.9437035799614,1.46153846153846));
#4534=CARTESIAN_POINT('',(0.,28.9140738852043,-127.769230769231));
#4535=CARTESIAN_POINT('',(0.,28.9140738852043,-127.769230769231));
#4536=CARTESIAN_POINT('',(0.,27.7424164843022,-112.582815163996));
#4537=CARTESIAN_POINT('',(0.,21.6280340467576,-33.3313609467456));
#4538=CARTESIAN_POINT('',(0.,27.7424164843022,-112.582815163996));
#4539=CARTESIAN_POINT('Origin',(0.,25.7483424232536,-112.736661317842));
#4540=CARTESIAN_POINT('',(0.,24.0871590411082,-113.850425103788));
#4541=CARTESIAN_POINT('Origin',(0.,25.7483424232536,-112.736661317842));
#4542=CARTESIAN_POINT('',(0.,24.0871590411082,-113.850425103788));
#4543=CARTESIAN_POINT('Origin',(0.,0.,-130.));
#4544=CARTESIAN_POINT('Origin',(0.,0.,-130.));
#4545=CARTESIAN_POINT('Origin',(0.,0.,-70.));
#4546=CARTESIAN_POINT('Origin',(0.,0.,0.));
#4547=CARTESIAN_POINT('Origin',(0.,0.,-70.));
#4548=CARTESIAN_POINT('Origin',(0.,0.,-130.));
#4549=CARTESIAN_POINT('Origin',(0.,0.,0.));
#4550=CARTESIAN_POINT('Origin',(28.75,0.,0.));
#4551=CARTESIAN_POINT('Origin',(0.,0.,-130.));
#4552=CARTESIAN_POINT('Origin',(28.75,0.,-130.));
#4553=CARTESIAN_POINT('Origin',(28.75,0.,-70.));
#4554=CARTESIAN_POINT('',(0.,0.,0.));
#4555=CARTESIAN_POINT('Origin',(0.,0.,0.));
#4556=CARTESIAN_POINT('',(-24.,-2.93915231795365E-15,-54.));
#4557=CARTESIAN_POINT('Origin',(0.,0.,-54.));
#4558=CARTESIAN_POINT('',(-24.,-2.93915231795365E-15,0.));
#4559=CARTESIAN_POINT('',(-24.,-2.93915231795365E-15,0.));
#4560=CARTESIAN_POINT('Origin',(0.,0.,0.));
#4561=CARTESIAN_POINT('Origin',(0.,0.,-54.));
#4562=CARTESIAN_POINT('Origin',(0.,0.,0.));
#4563=CARTESIAN_POINT('',(0.,0.,0.));
#4564=CARTESIAN_POINT('Origin',(26.9238644838333,-7.92386496067047,6.32827124036339E-16));
#4565=CARTESIAN_POINT('',(26.9238644838333,-7.92386496067047,-162.));
#4566=CARTESIAN_POINT('',(56.9238644838333,-7.92386496067048,-162.));
#4567=CARTESIAN_POINT('',(41.9238644838333,-7.92386496067047,-162.));
#4568=CARTESIAN_POINT('',(56.9238644838333,-7.92386496067047,0.));
#4569=CARTESIAN_POINT('',(56.9238644838333,-7.92386496067047,-3.66373598126301E-16));
#4570=CARTESIAN_POINT('',(55.6738644838333,-7.92386496067047,2.49245069028348E-15));
#4571=CARTESIAN_POINT('',(55.6738644838333,-7.92386496067047,2.49245069028348E-15));
#4572=CARTESIAN_POINT('',(55.6738644838333,-7.92386496067048,-59.));
#4573=CARTESIAN_POINT('',(55.6738644838333,-7.92386496067047,-25.5));
#4574=CARTESIAN_POINT('',(-1.82613551616668,-7.92386496067047,-59.));
#4575=CARTESIAN_POINT('',(12.5488644838333,-7.92386496067047,-59.));
#4576=CARTESIAN_POINT('',(-1.82613551616668,-7.92386496067047,2.49245069028348E-15));
#4577=CARTESIAN_POINT('',(-1.82613551616668,-7.92386496067047,-25.5));
#4578=CARTESIAN_POINT('',(-3.07613551616668,-7.92386496067047,1.63202784619898E-15));
#4579=CARTESIAN_POINT('',(26.9238644838333,-7.92386496067047,1.53488333154428E-15));
#4580=CARTESIAN_POINT('',(-3.07613551616669,-7.92386496067047,-200.));
#4581=CARTESIAN_POINT('',(-3.07613551616669,-7.92386496067047,-200.));
#4582=CARTESIAN_POINT('',(26.9238644838333,-7.92386496067047,-200.));
#4583=CARTESIAN_POINT('',(26.9238644838333,-7.92386496067047,-200.));
#4584=CARTESIAN_POINT('',(26.9238644838333,-7.92386496067047,-50.));
#4585=CARTESIAN_POINT('Origin',(41.9238644838333,11.0761350393295,-162.));
#4586=CARTESIAN_POINT('',(56.9238644838333,30.0761350393295,-162.));
#4587=CARTESIAN_POINT('Origin',(56.9238644838333,11.0761350393295,-162.));
#4588=CARTESIAN_POINT('',(26.9238644838333,30.0761350393295,-162.));
#4589=CARTESIAN_POINT('Origin',(26.9238644838333,11.0761350393295,-162.));
#4590=CARTESIAN_POINT('',(41.9238644838333,30.0761350393295,-162.));
#4591=CARTESIAN_POINT('Origin',(56.9238644838333,11.0761350393295,-100.));
#4592=CARTESIAN_POINT('',(56.9238644838333,30.0761350393295,0.));
#4593=CARTESIAN_POINT('',(56.9238644838333,30.0761350393295,-125.5));
#4594=CARTESIAN_POINT('Origin',(56.9238644838333,11.0761350393295,9.57567358739198E-16));
#4595=CARTESIAN_POINT('Origin',(26.9238644838333,30.0761350393295,-200.));
#4596=CARTESIAN_POINT('',(26.9238644838333,30.0761350393295,-200.));
#4597=CARTESIAN_POINT('',(26.9238644838333,30.0761350393295,-150.));
#4598=CARTESIAN_POINT('',(-3.07613551616668,30.0761350393295,-200.));
#4599=CARTESIAN_POINT('',(26.9238644838333,30.0761350393295,-200.));
#4600=CARTESIAN_POINT('',(-3.07613551616667,30.0761350393296,3.66373598126301E-16));
#4601=CARTESIAN_POINT('',(-3.07613551616668,30.0761350393295,-200.));
#4602=CARTESIAN_POINT('',(-1.82613551616668,30.0761350393295,1.74951294557489E-15));
#4603=CARTESIAN_POINT('',(26.9238644838333,30.0761350393295,7.91945586835693E-16));
#4604=CARTESIAN_POINT('',(-1.82613551616668,30.0761350393295,-59.));
#4605=CARTESIAN_POINT('',(-1.82613551616668,30.0761350393295,-125.5));
#4606=CARTESIAN_POINT('',(55.6738644838333,30.0761350393295,-59.));
#4607=CARTESIAN_POINT('',(12.5488644838333,30.0761350393295,-59.));
#4608=CARTESIAN_POINT('',(55.6738644838333,30.0761350393295,1.74951294557489E-15));
#4609=CARTESIAN_POINT('',(55.6738644838333,30.0761350393295,-125.5));
#4610=CARTESIAN_POINT('',(55.6738644838333,30.0761350393295,1.74951294557489E-15));
#4611=CARTESIAN_POINT('Origin',(12.5488644838333,11.0761350393295,-59.));
#4612=CARTESIAN_POINT('Origin',(-1.82613551616669,11.0761350393295,-59.));
#4613=CARTESIAN_POINT('Origin',(55.6738644838333,11.0761350393295,-59.));
#4614=CARTESIAN_POINT('Origin',(55.6738644838333,11.0761350393295,9.57567358739198E-16));
#4615=CARTESIAN_POINT('Origin',(55.6738644838333,11.0761350393295,9.57567358739198E-16));
#4616=CARTESIAN_POINT('Origin',(55.6738644838333,30.0761350393295,-51.));
#4617=CARTESIAN_POINT('Origin',(-1.82613551616668,30.0761350393295,-51.));
#4618=CARTESIAN_POINT('Origin',(-1.82613551616669,11.0761350393295,9.57567358739198E-16));
#4619=CARTESIAN_POINT('Origin',(26.9238644838333,11.0761350393295,0.));
#4620=CARTESIAN_POINT('Origin',(-3.07613551616668,11.0761350393295,9.99200722162641E-16));
#4621=CARTESIAN_POINT('Origin',(26.9238644838333,11.0761350393295,-100.));
#4622=CARTESIAN_POINT('Origin',(26.9238644838333,11.0761350393295,-200.));
#4623=CARTESIAN_POINT('Origin',(26.9238644838333,11.0761350393295,-200.));
#4624=CARTESIAN_POINT('Origin',(-3.07613551616669,11.0761350393295,-200.));
#4625=CARTESIAN_POINT('Origin',(-3.07613551616668,11.0761350393295,-100.));
#4626=CARTESIAN_POINT('',(0.,0.,0.));
#4627=CARTESIAN_POINT('Origin',(0.,0.,0.));
#4628=CARTESIAN_POINT('',(-24.,-2.93915231795365E-15,-54.));
#4629=CARTESIAN_POINT('Origin',(0.,0.,-54.));
#4630=CARTESIAN_POINT('',(-24.,-2.93915231795365E-15,0.));
#4631=CARTESIAN_POINT('',(-24.,-2.93915231795365E-15,0.));
#4632=CARTESIAN_POINT('Origin',(0.,0.,0.));
#4633=CARTESIAN_POINT('Origin',(0.,0.,-54.));
#4634=CARTESIAN_POINT('Origin',(0.,0.,0.));
#4635=CARTESIAN_POINT('',(0.,0.,0.));
#4636=CARTESIAN_POINT('Origin',(0.,-21.5,0.624999999999996));
#4637=CARTESIAN_POINT('',(28.75,-21.5,4.93641648852209E-12));
#4638=CARTESIAN_POINT('',(-28.75,-21.5,-4.93993734806963E-12));
#4639=CARTESIAN_POINT('Origin',(0.,-21.5,0.));
#4640=CARTESIAN_POINT('',(28.75,-21.5,8.5695682505013));
#4641=CARTESIAN_POINT('',(28.75,-21.5,0.));
#4642=CARTESIAN_POINT('',(-28.75,-21.5,8.56956825050127));
#4643=CARTESIAN_POINT('Origin',(0.,-21.5,0.));
#4644=CARTESIAN_POINT('',(-28.75,-21.5,-4.93993734806963E-12));
#4645=CARTESIAN_POINT('',(-23.75,-21.5,-2.90853614797496E-15));
#4646=CARTESIAN_POINT('Origin',(0.,-21.5,0.));
#4647=CARTESIAN_POINT('Origin',(0.,0.,0.));
#4648=CARTESIAN_POINT('',(-23.75,21.5,-2.90853614797496E-15));
#4649=CARTESIAN_POINT('Origin',(0.,21.5,0.));
#4650=CARTESIAN_POINT('',(-23.75,0.,-2.90853614797496E-15));
#4651=CARTESIAN_POINT('Origin',(-28.75,0.,8.56956825050127));
#4652=CARTESIAN_POINT('',(-28.75,21.5,-4.93993734806963E-12));
#4653=CARTESIAN_POINT('',(-28.75,0.,-4.93993734806963E-12));
#4654=CARTESIAN_POINT('',(-28.75,21.5,8.56956825050127));
#4655=CARTESIAN_POINT('',(-28.75,0.,8.56956825050127));
#4656=CARTESIAN_POINT('',(-28.75,21.5,-4.93993734806963E-12));
#4657=CARTESIAN_POINT('Origin',(0.,0.,0.));
#4658=CARTESIAN_POINT('',(28.75,21.5,8.5695682505013));
#4659=CARTESIAN_POINT('',(28.75,0.,8.5695682505013));
#4660=CARTESIAN_POINT('Origin',(0.,21.5,0.));
#4661=CARTESIAN_POINT('Origin',(28.75,0.,4.93641648852209E-12));
#4662=CARTESIAN_POINT('',(28.75,21.5,4.93641648852209E-12));
#4663=CARTESIAN_POINT('',(28.75,0.,4.93641648852209E-12));
#4664=CARTESIAN_POINT('',(28.75,21.5,0.));
#4665=CARTESIAN_POINT('Origin',(0.,0.,0.));
#4666=CARTESIAN_POINT('Origin',(0.,21.5,0.));
#4667=CARTESIAN_POINT('Origin',(0.,21.5,0.624999999999996));
#4668=CARTESIAN_POINT('',(0.,0.,0.));
#4669=CARTESIAN_POINT('Origin',(0.,0.,0.));
#4670=CARTESIAN_POINT('',(-23.75,-2.90853614797496E-15,-43.));
#4671=CARTESIAN_POINT('Origin',(0.,0.,-43.));
#4672=CARTESIAN_POINT('',(-23.75,-2.90853614797496E-15,0.));
#4673=CARTESIAN_POINT('',(-23.75,-2.90853614797496E-15,0.));
#4674=CARTESIAN_POINT('Origin',(0.,0.,0.));
#4675=CARTESIAN_POINT('Origin',(0.,0.,-43.));
#4676=CARTESIAN_POINT('Origin',(0.,0.,0.));
#4677=CARTESIAN_POINT('',(0.,0.,0.));
#4678=CARTESIAN_POINT('Origin',(0.,-11.5,-40.));
#4679=CARTESIAN_POINT('',(23.75,-11.5,-40.));
#4680=CARTESIAN_POINT('',(-23.75,-11.5,-40.));
#4681=CARTESIAN_POINT('Origin',(0.,-11.5,-40.));
#4682=CARTESIAN_POINT('',(-23.75,-1.49999999999999,-40.));
#4683=CARTESIAN_POINT('',(-23.75,-11.5,-40.));
#4684=CARTESIAN_POINT('',(23.75,-1.49999999999999,-40.));
#4685=CARTESIAN_POINT('Origin',(0.,-1.49999999999999,-40.));
#4686=CARTESIAN_POINT('',(23.75,-1.5,-40.));
#4687=CARTESIAN_POINT('Origin',(-23.75,-1.49999999999999,-10.));
#4688=CARTESIAN_POINT('',(-23.75,-11.5,-10.));
#4689=CARTESIAN_POINT('',(-23.75,-1.49999999999999,-10.));
#4690=CARTESIAN_POINT('',(-23.75,-0.749999999999993,-10.));
#4691=CARTESIAN_POINT('',(-23.75,-1.49999999999999,-10.));
#4692=CARTESIAN_POINT('',(-23.75,-11.5,-10.));
#4693=CARTESIAN_POINT('Origin',(23.75,-1.5,-10.));
#4694=CARTESIAN_POINT('',(23.75,-1.5,-10.));
#4695=CARTESIAN_POINT('',(11.875,-1.5,-10.));
#4696=CARTESIAN_POINT('',(23.75,-1.5,-10.));
#4697=CARTESIAN_POINT('Origin',(23.75,-11.5,-10.));
#4698=CARTESIAN_POINT('',(23.75,-11.5,-10.));
#4699=CARTESIAN_POINT('',(23.75,-5.74999999999999,-10.));
#4700=CARTESIAN_POINT('',(23.75,-11.5,-10.));
#4701=CARTESIAN_POINT('Origin',(-23.75,-11.5,-10.));
#4702=CARTESIAN_POINT('',(-11.875,-11.5,-10.));
#4703=CARTESIAN_POINT('Origin',(35.,-60.,0.));
#4704=CARTESIAN_POINT('',(35.,60.,0.));
#4705=CARTESIAN_POINT('',(35.,-60.,0.));
#4706=CARTESIAN_POINT('',(35.,60.,0.));
#4707=CARTESIAN_POINT('',(35.,-60.,-10.));
#4708=CARTESIAN_POINT('',(35.,-60.,0.));
#4709=CARTESIAN_POINT('',(35.,60.,-10.));
#4710=CARTESIAN_POINT('',(35.,60.,-10.));
#4711=CARTESIAN_POINT('',(35.,60.,0.));
#4712=CARTESIAN_POINT('Origin',(-35.,-60.,0.));
#4713=CARTESIAN_POINT('',(-35.,-60.,0.));
#4714=CARTESIAN_POINT('',(35.,-60.,0.));
#4715=CARTESIAN_POINT('',(-35.,-60.,-10.));
#4716=CARTESIAN_POINT('',(-35.,-60.,0.));
#4717=CARTESIAN_POINT('',(35.,-60.,-10.));
#4718=CARTESIAN_POINT('Origin',(-35.,60.,0.));
#4719=CARTESIAN_POINT('',(-35.,60.,0.));
#4720=CARTESIAN_POINT('',(-35.,-60.,0.));
#4721=CARTESIAN_POINT('',(-35.,60.,-10.));
#4722=CARTESIAN_POINT('',(-35.,60.,0.));
#4723=CARTESIAN_POINT('',(-35.,-60.,-10.));
#4724=CARTESIAN_POINT('Origin',(35.,60.,0.));
#4725=CARTESIAN_POINT('',(-35.,60.,0.));
#4726=CARTESIAN_POINT('',(-35.,60.,-10.));
#4727=CARTESIAN_POINT('Origin',(-8.88178419700125E-15,8.88178419700125E-15,
-10.));
#4728=CARTESIAN_POINT('Origin',(-8.88178419700125E-15,8.88178419700125E-15,
0.));
#4729=CARTESIAN_POINT('',(-0.250000000000385,-37.0000000000003,491.999999999993));
#4730=CARTESIAN_POINT('',(49.7499999999996,-59.0000000000003,464.999999999994));
#4731=CARTESIAN_POINT('',(49.7499999999996,-15.0000000000003,464.999999999994));
#4732=CARTESIAN_POINT('',(49.7499999999994,-40.0000000000003,394.999999999994));
#4733=CARTESIAN_POINT('',(22.7499999999994,-40.0000000000003,394.999999999994));
#4734=CARTESIAN_POINT('',(76.7499999999994,-40.0000000000003,264.999999999994));
#4735=CARTESIAN_POINT('',(51.4999999999995,-40.0000000000003,324.999999999993));
#4736=CARTESIAN_POINT('',(49.8261355161661,-51.0761350393298,64.9999999999934));
#4737=CARTESIAN_POINT('',(49.7499999999994,-40.0000000000003,204.999999999994));
#4738=CARTESIAN_POINT('',(76.7499999999994,-40.0000000000003,64.9999999999935));
#4739=CARTESIAN_POINT('',(76.7499999999994,-18.5000000000002,64.9999999999935));
#4740=CARTESIAN_POINT('',(76.7499999999994,-60.0000000000002,24.9999999999935));
#4741=CARTESIAN_POINT('',(-50.2500000000006,-59.0000000000003,464.999999999994));
#4742=CARTESIAN_POINT('',(-50.2500000000004,-15.0000000000003,464.999999999994));
#4743=CARTESIAN_POINT('',(-50.2500000000004,-40.0000000000002,394.999999999994));
#4744=CARTESIAN_POINT('',(-23.2500000000005,-40.0000000000002,394.999999999994));
#4745=CARTESIAN_POINT('',(-77.2500000000006,-40.0000000000002,264.999999999994));
#4746=CARTESIAN_POINT('',(-52.0000000000009,-40.0000000000002,324.999999999994));
#4747=CARTESIAN_POINT('',(-50.3261355161671,-51.0761350393296,64.9999999999945));
#4748=CARTESIAN_POINT('',(-50.2500000000004,-40.0000000000002,204.999999999994));
#4749=CARTESIAN_POINT('',(-77.2500000000004,-40.0000000000001,64.9999999999994));
#4750=CARTESIAN_POINT('',(-77.2500000000004,-18.5000000000001,64.9999999999994));
#4751=CARTESIAN_POINT('',(-77.2500000000004,-60.,24.9999999999996));
#4752=UNCERTAINTY_MEASURE_WITH_UNIT(LENGTH_MEASURE(0.01),#4802,
'DISTANCE_ACCURACY_VALUE',
'Maximum model space distance between geometric entities at asserted c
onnectivities');
#4753=UNCERTAINTY_MEASURE_WITH_UNIT(LENGTH_MEASURE(0.01),#4802,
'DISTANCE_ACCURACY_VALUE',
'Maximum model space distance between geometric entities at asserted c
onnectivities');
#4754=UNCERTAINTY_MEASURE_WITH_UNIT(LENGTH_MEASURE(0.01),#4802,
'DISTANCE_ACCURACY_VALUE',
'Maximum model space distance between geometric entities at asserted c
onnectivities');
#4755=UNCERTAINTY_MEASURE_WITH_UNIT(LENGTH_MEASURE(0.01),#4802,
'DISTANCE_ACCURACY_VALUE',
'Maximum model space distance between geometric entities at asserted c
onnectivities');
#4756=UNCERTAINTY_MEASURE_WITH_UNIT(LENGTH_MEASURE(0.01),#4802,
'DISTANCE_ACCURACY_VALUE',
'Maximum model space distance between geometric entities at asserted c
onnectivities');
#4757=UNCERTAINTY_MEASURE_WITH_UNIT(LENGTH_MEASURE(0.01),#4802,
'DISTANCE_ACCURACY_VALUE',
'Maximum model space distance between geometric entities at asserted c
onnectivities');
#4758=UNCERTAINTY_MEASURE_WITH_UNIT(LENGTH_MEASURE(0.01),#4802,
'DISTANCE_ACCURACY_VALUE',
'Maximum model space distance between geometric entities at asserted c
onnectivities');
#4759=UNCERTAINTY_MEASURE_WITH_UNIT(LENGTH_MEASURE(0.01),#4802,
'DISTANCE_ACCURACY_VALUE',
'Maximum model space distance between geometric entities at asserted c
onnectivities');
#4760=UNCERTAINTY_MEASURE_WITH_UNIT(LENGTH_MEASURE(0.01),#4802,
'DISTANCE_ACCURACY_VALUE',
'Maximum model space distance between geometric entities at asserted c
onnectivities');
#4761=UNCERTAINTY_MEASURE_WITH_UNIT(LENGTH_MEASURE(0.01),#4802,
'DISTANCE_ACCURACY_VALUE',
'Maximum model space distance between geometric entities at asserted c
onnectivities');
#4762=UNCERTAINTY_MEASURE_WITH_UNIT(LENGTH_MEASURE(0.01),#4802,
'DISTANCE_ACCURACY_VALUE',
'Maximum model space distance between geometric entities at asserted c
onnectivities');
#4763=UNCERTAINTY_MEASURE_WITH_UNIT(LENGTH_MEASURE(0.01),#4802,
'DISTANCE_ACCURACY_VALUE',
'Maximum model space distance between geometric entities at asserted c
onnectivities');
#4764=UNCERTAINTY_MEASURE_WITH_UNIT(LENGTH_MEASURE(0.01),#4802,
'DISTANCE_ACCURACY_VALUE',
'Maximum model space distance between geometric entities at asserted c
onnectivities');
#4765=UNCERTAINTY_MEASURE_WITH_UNIT(LENGTH_MEASURE(0.01),#4802,
'DISTANCE_ACCURACY_VALUE',
'Maximum model space distance between geometric entities at asserted c
onnectivities');
#4766=UNCERTAINTY_MEASURE_WITH_UNIT(LENGTH_MEASURE(0.01),#4802,
'DISTANCE_ACCURACY_VALUE',
'Maximum model space distance between geometric entities at asserted c
onnectivities');
#4767=UNCERTAINTY_MEASURE_WITH_UNIT(LENGTH_MEASURE(0.01),#4802,
'DISTANCE_ACCURACY_VALUE',
'Maximum model space distance between geometric entities at asserted c
onnectivities');
#4768=UNCERTAINTY_MEASURE_WITH_UNIT(LENGTH_MEASURE(0.01),#4802,
'DISTANCE_ACCURACY_VALUE',
'Maximum model space distance between geometric entities at asserted c
onnectivities');
#4769=UNCERTAINTY_MEASURE_WITH_UNIT(LENGTH_MEASURE(0.01),#4802,
'DISTANCE_ACCURACY_VALUE',
'Maximum model space distance between geometric entities at asserted c
onnectivities');
#4770=UNCERTAINTY_MEASURE_WITH_UNIT(LENGTH_MEASURE(0.01),#4802,
'DISTANCE_ACCURACY_VALUE',
'Maximum model space distance between geometric entities at asserted c
onnectivities');
#4771=UNCERTAINTY_MEASURE_WITH_UNIT(LENGTH_MEASURE(0.01),#4802,
'DISTANCE_ACCURACY_VALUE',
'Maximum model space distance between geometric entities at asserted c
onnectivities');
#4772=UNCERTAINTY_MEASURE_WITH_UNIT(LENGTH_MEASURE(0.01),#4802,
'DISTANCE_ACCURACY_VALUE',
'Maximum model space distance between geometric entities at asserted c
onnectivities');
#4773=UNCERTAINTY_MEASURE_WITH_UNIT(LENGTH_MEASURE(0.01),#4802,
'DISTANCE_ACCURACY_VALUE',
'Maximum model space distance between geometric entities at asserted c
onnectivities');
#4774=UNCERTAINTY_MEASURE_WITH_UNIT(LENGTH_MEASURE(0.01),#4802,
'DISTANCE_ACCURACY_VALUE',
'Maximum model space distance between geometric entities at asserted c
onnectivities');
#4775=UNCERTAINTY_MEASURE_WITH_UNIT(LENGTH_MEASURE(0.01),#4802,
'DISTANCE_ACCURACY_VALUE',
'Maximum model space distance between geometric entities at asserted c
onnectivities');
#4776=UNCERTAINTY_MEASURE_WITH_UNIT(LENGTH_MEASURE(0.01),#4802,
'DISTANCE_ACCURACY_VALUE',
'Maximum model space distance between geometric entities at asserted c
onnectivities');
#4777=(
GEOMETRIC_REPRESENTATION_CONTEXT(3)
GLOBAL_UNCERTAINTY_ASSIGNED_CONTEXT((#4752))
GLOBAL_UNIT_ASSIGNED_CONTEXT((#4802,#4804,#4805))
REPRESENTATION_CONTEXT('','3D')
);
#4778=(
GEOMETRIC_REPRESENTATION_CONTEXT(3)
GLOBAL_UNCERTAINTY_ASSIGNED_CONTEXT((#4753))
GLOBAL_UNIT_ASSIGNED_CONTEXT((#4802,#4804,#4805))
REPRESENTATION_CONTEXT('','3D')
);
#4779=(
GEOMETRIC_REPRESENTATION_CONTEXT(3)
GLOBAL_UNCERTAINTY_ASSIGNED_CONTEXT((#4754))
GLOBAL_UNIT_ASSIGNED_CONTEXT((#4802,#4804,#4805))
REPRESENTATION_CONTEXT('','3D')
);
#4780=(
GEOMETRIC_REPRESENTATION_CONTEXT(3)
GLOBAL_UNCERTAINTY_ASSIGNED_CONTEXT((#4755))
GLOBAL_UNIT_ASSIGNED_CONTEXT((#4802,#4804,#4805))
REPRESENTATION_CONTEXT('','3D')
);
#4781=(
GEOMETRIC_REPRESENTATION_CONTEXT(3)
GLOBAL_UNCERTAINTY_ASSIGNED_CONTEXT((#4756))
GLOBAL_UNIT_ASSIGNED_CONTEXT((#4802,#4804,#4805))
REPRESENTATION_CONTEXT('','3D')
);
#4782=(
GEOMETRIC_REPRESENTATION_CONTEXT(3)
GLOBAL_UNCERTAINTY_ASSIGNED_CONTEXT((#4757))
GLOBAL_UNIT_ASSIGNED_CONTEXT((#4802,#4804,#4805))
REPRESENTATION_CONTEXT('','3D')
);
#4783=(
GEOMETRIC_REPRESENTATION_CONTEXT(3)
GLOBAL_UNCERTAINTY_ASSIGNED_CONTEXT((#4758))
GLOBAL_UNIT_ASSIGNED_CONTEXT((#4802,#4804,#4805))
REPRESENTATION_CONTEXT('','3D')
);
#4784=(
GEOMETRIC_REPRESENTATION_CONTEXT(3)
GLOBAL_UNCERTAINTY_ASSIGNED_CONTEXT((#4759))
GLOBAL_UNIT_ASSIGNED_CONTEXT((#4802,#4804,#4805))
REPRESENTATION_CONTEXT('','3D')
);
#4785=(
GEOMETRIC_REPRESENTATION_CONTEXT(3)
GLOBAL_UNCERTAINTY_ASSIGNED_CONTEXT((#4760))
GLOBAL_UNIT_ASSIGNED_CONTEXT((#4802,#4804,#4805))
REPRESENTATION_CONTEXT('','3D')
);
#4786=(
GEOMETRIC_REPRESENTATION_CONTEXT(3)
GLOBAL_UNCERTAINTY_ASSIGNED_CONTEXT((#4761))
GLOBAL_UNIT_ASSIGNED_CONTEXT((#4802,#4804,#4805))
REPRESENTATION_CONTEXT('','3D')
);
#4787=(
GEOMETRIC_REPRESENTATION_CONTEXT(3)
GLOBAL_UNCERTAINTY_ASSIGNED_CONTEXT((#4762))
GLOBAL_UNIT_ASSIGNED_CONTEXT((#4802,#4804,#4805))
REPRESENTATION_CONTEXT('','3D')
);
#4788=(
GEOMETRIC_REPRESENTATION_CONTEXT(3)
GLOBAL_UNCERTAINTY_ASSIGNED_CONTEXT((#4763))
GLOBAL_UNIT_ASSIGNED_CONTEXT((#4802,#4804,#4805))
REPRESENTATION_CONTEXT('','3D')
);
#4789=(
GEOMETRIC_REPRESENTATION_CONTEXT(3)
GLOBAL_UNCERTAINTY_ASSIGNED_CONTEXT((#4764))
GLOBAL_UNIT_ASSIGNED_CONTEXT((#4802,#4804,#4805))
REPRESENTATION_CONTEXT('','3D')
);
#4790=(
GEOMETRIC_REPRESENTATION_CONTEXT(3)
GLOBAL_UNCERTAINTY_ASSIGNED_CONTEXT((#4765))
GLOBAL_UNIT_ASSIGNED_CONTEXT((#4802,#4804,#4805))
REPRESENTATION_CONTEXT('','3D')
);
#4791=(
GEOMETRIC_REPRESENTATION_CONTEXT(3)
GLOBAL_UNCERTAINTY_ASSIGNED_CONTEXT((#4766))
GLOBAL_UNIT_ASSIGNED_CONTEXT((#4802,#4804,#4805))
REPRESENTATION_CONTEXT('','3D')
);
#4792=(
GEOMETRIC_REPRESENTATION_CONTEXT(3)
GLOBAL_UNCERTAINTY_ASSIGNED_CONTEXT((#4767))
GLOBAL_UNIT_ASSIGNED_CONTEXT((#4802,#4804,#4805))
REPRESENTATION_CONTEXT('','3D')
);
#4793=(
GEOMETRIC_REPRESENTATION_CONTEXT(3)
GLOBAL_UNCERTAINTY_ASSIGNED_CONTEXT((#4768))
GLOBAL_UNIT_ASSIGNED_CONTEXT((#4802,#4804,#4805))
REPRESENTATION_CONTEXT('','3D')
);
#4794=(
GEOMETRIC_REPRESENTATION_CONTEXT(3)
GLOBAL_UNCERTAINTY_ASSIGNED_CONTEXT((#4769))
GLOBAL_UNIT_ASSIGNED_CONTEXT((#4802,#4804,#4805))
REPRESENTATION_CONTEXT('','3D')
);
#4795=(
GEOMETRIC_REPRESENTATION_CONTEXT(3)
GLOBAL_UNCERTAINTY_ASSIGNED_CONTEXT((#4770))
GLOBAL_UNIT_ASSIGNED_CONTEXT((#4802,#4804,#4805))
REPRESENTATION_CONTEXT('','3D')
);
#4796=(
GEOMETRIC_REPRESENTATION_CONTEXT(3)
GLOBAL_UNCERTAINTY_ASSIGNED_CONTEXT((#4771))
GLOBAL_UNIT_ASSIGNED_CONTEXT((#4802,#4804,#4805))
REPRESENTATION_CONTEXT('','3D')
);
#4797=(
GEOMETRIC_REPRESENTATION_CONTEXT(3)
GLOBAL_UNCERTAINTY_ASSIGNED_CONTEXT((#4772))
GLOBAL_UNIT_ASSIGNED_CONTEXT((#4802,#4804,#4805))
REPRESENTATION_CONTEXT('','3D')
);
#4798=(
GEOMETRIC_REPRESENTATION_CONTEXT(3)
GLOBAL_UNCERTAINTY_ASSIGNED_CONTEXT((#4773))
GLOBAL_UNIT_ASSIGNED_CONTEXT((#4802,#4804,#4805))
REPRESENTATION_CONTEXT('','3D')
);
#4799=(
GEOMETRIC_REPRESENTATION_CONTEXT(3)
GLOBAL_UNCERTAINTY_ASSIGNED_CONTEXT((#4774))
GLOBAL_UNIT_ASSIGNED_CONTEXT((#4802,#4804,#4805))
REPRESENTATION_CONTEXT('','3D')
);
#4800=(
GEOMETRIC_REPRESENTATION_CONTEXT(3)
GLOBAL_UNCERTAINTY_ASSIGNED_CONTEXT((#4775))
GLOBAL_UNIT_ASSIGNED_CONTEXT((#4802,#4804,#4805))
REPRESENTATION_CONTEXT('','3D')
);
#4801=(
GEOMETRIC_REPRESENTATION_CONTEXT(3)
GLOBAL_UNCERTAINTY_ASSIGNED_CONTEXT((#4776))
GLOBAL_UNIT_ASSIGNED_CONTEXT((#4802,#4804,#4805))
REPRESENTATION_CONTEXT('','3D')
);
#4802=(
LENGTH_UNIT()
NAMED_UNIT(*)
SI_UNIT(.MILLI.,.METRE.)
);
#4803=(
LENGTH_UNIT()
NAMED_UNIT(*)
SI_UNIT($,.METRE.)
);
#4804=(
NAMED_UNIT(*)
PLANE_ANGLE_UNIT()
SI_UNIT($,.RADIAN.)
);
#4805=(
NAMED_UNIT(*)
SI_UNIT($,.STERADIAN.)
SOLID_ANGLE_UNIT()
);
#4806=SHAPE_DEFINITION_REPRESENTATION(#4830,#4877);
#4807=SHAPE_DEFINITION_REPRESENTATION(#4831,#4878);
#4808=SHAPE_DEFINITION_REPRESENTATION(#4832,#4879);
#4809=SHAPE_DEFINITION_REPRESENTATION(#4833,#4880);
#4810=SHAPE_DEFINITION_REPRESENTATION(#4834,#4881);
#4811=SHAPE_DEFINITION_REPRESENTATION(#4835,#4882);
#4812=SHAPE_DEFINITION_REPRESENTATION(#4836,#4883);
#4813=SHAPE_DEFINITION_REPRESENTATION(#4837,#4884);
#4814=SHAPE_DEFINITION_REPRESENTATION(#4838,#4885);
#4815=SHAPE_DEFINITION_REPRESENTATION(#4839,#4886);
#4816=SHAPE_DEFINITION_REPRESENTATION(#4840,#4887);
#4817=SHAPE_DEFINITION_REPRESENTATION(#4841,#4888);
#4818=SHAPE_DEFINITION_REPRESENTATION(#4842,#4889);
#4819=SHAPE_DEFINITION_REPRESENTATION(#4843,#4890);
#4820=SHAPE_DEFINITION_REPRESENTATION(#4844,#4891);
#4821=SHAPE_DEFINITION_REPRESENTATION(#4845,#4892);
#4822=SHAPE_DEFINITION_REPRESENTATION(#4846,#4893);
#4823=SHAPE_DEFINITION_REPRESENTATION(#4847,#4894);
#4824=SHAPE_DEFINITION_REPRESENTATION(#4848,#4895);
#4825=SHAPE_DEFINITION_REPRESENTATION(#4849,#4896);
#4826=SHAPE_DEFINITION_REPRESENTATION(#4850,#4897);
#4827=SHAPE_DEFINITION_REPRESENTATION(#4851,#4898);
#4828=SHAPE_DEFINITION_REPRESENTATION(#4852,#4899);
#4829=SHAPE_DEFINITION_REPRESENTATION(#4853,#4900);
#4830=PRODUCT_DEFINITION_SHAPE('',$,#4902);
#4831=PRODUCT_DEFINITION_SHAPE('',$,#4903);
#4832=PRODUCT_DEFINITION_SHAPE('',$,#4904);
#4833=PRODUCT_DEFINITION_SHAPE('',$,#4905);
#4834=PRODUCT_DEFINITION_SHAPE('',$,#4906);
#4835=PRODUCT_DEFINITION_SHAPE('',$,#4907);
#4836=PRODUCT_DEFINITION_SHAPE('',$,#4908);
#4837=PRODUCT_DEFINITION_SHAPE('',$,#4909);
#4838=PRODUCT_DEFINITION_SHAPE('',$,#4910);
#4839=PRODUCT_DEFINITION_SHAPE('',$,#4911);
#4840=PRODUCT_DEFINITION_SHAPE('',$,#4912);
#4841=PRODUCT_DEFINITION_SHAPE('',$,#4913);
#4842=PRODUCT_DEFINITION_SHAPE('',$,#4914);
#4843=PRODUCT_DEFINITION_SHAPE('',$,#4915);
#4844=PRODUCT_DEFINITION_SHAPE('',$,#4916);
#4845=PRODUCT_DEFINITION_SHAPE('',$,#4917);
#4846=PRODUCT_DEFINITION_SHAPE('',$,#4918);
#4847=PRODUCT_DEFINITION_SHAPE('',$,#4919);
#4848=PRODUCT_DEFINITION_SHAPE('',$,#4920);
#4849=PRODUCT_DEFINITION_SHAPE('',$,#4921);
#4850=PRODUCT_DEFINITION_SHAPE('',$,#4922);
#4851=PRODUCT_DEFINITION_SHAPE('',$,#4923);
#4852=PRODUCT_DEFINITION_SHAPE('',$,#4924);
#4853=PRODUCT_DEFINITION_SHAPE('',$,#4925);
#4854=PRODUCT_DEFINITION_SHAPE($,$,#80);
#4855=PRODUCT_DEFINITION_SHAPE($,$,#81);
#4856=PRODUCT_DEFINITION_SHAPE($,$,#82);
#4857=PRODUCT_DEFINITION_SHAPE($,$,#83);
#4858=PRODUCT_DEFINITION_SHAPE($,$,#84);
#4859=PRODUCT_DEFINITION_SHAPE($,$,#85);
#4860=PRODUCT_DEFINITION_SHAPE($,$,#86);
#4861=PRODUCT_DEFINITION_SHAPE($,$,#87);
#4862=PRODUCT_DEFINITION_SHAPE($,$,#88);
#4863=PRODUCT_DEFINITION_SHAPE($,$,#89);
#4864=PRODUCT_DEFINITION_SHAPE($,$,#90);
#4865=PRODUCT_DEFINITION_SHAPE($,$,#91);
#4866=PRODUCT_DEFINITION_SHAPE($,$,#92);
#4867=PRODUCT_DEFINITION_SHAPE($,$,#93);
#4868=PRODUCT_DEFINITION_SHAPE($,$,#94);
#4869=PRODUCT_DEFINITION_SHAPE($,$,#95);
#4870=PRODUCT_DEFINITION_SHAPE($,$,#96);
#4871=PRODUCT_DEFINITION_SHAPE($,$,#97);
#4872=PRODUCT_DEFINITION_SHAPE($,$,#98);
#4873=PRODUCT_DEFINITION_SHAPE($,$,#99);
#4874=PRODUCT_DEFINITION_SHAPE($,$,#100);
#4875=PRODUCT_DEFINITION_SHAPE($,$,#101);
#4876=PRODUCT_DEFINITION_SHAPE($,$,#102);
#4877=SHAPE_REPRESENTATION('',(#2860,#3148,#3149,#3150,#3151,#3152,#3153,
#3154,#3155,#3156,#3157,#3158,#3159,#3160,#3161,#3162,#3163,#3164,#3165,
#3166,#3167,#3168,#3169,#3170),#4777);
#4878=SHAPE_REPRESENTATION('',(#2861),#4778);
#4879=SHAPE_REPRESENTATION('',(#2868),#4779);
#4880=SHAPE_REPRESENTATION('',(#2880),#4780);
#4881=SHAPE_REPRESENTATION('',(#2886),#4781);
#4882=SHAPE_REPRESENTATION('',(#2903),#4782);
#4883=SHAPE_REPRESENTATION('',(#2909),#4783);
#4884=SHAPE_REPRESENTATION('',(#2939),#4784);
#4885=SHAPE_REPRESENTATION('',(#2945),#4785);
#4886=SHAPE_REPRESENTATION('',(#2968),#4786);
#4887=SHAPE_REPRESENTATION('',(#2974),#4787);
#4888=SHAPE_REPRESENTATION('',(#2988),#4788);
#4889=SHAPE_REPRESENTATION('',(#2994),#4789);
#4890=SHAPE_REPRESENTATION('',(#3008),#4790);
#4891=SHAPE_REPRESENTATION('',(#3020),#4791);
#4892=SHAPE_REPRESENTATION('',(#3026),#4792);
#4893=SHAPE_REPRESENTATION('',(#3043),#4793);
#4894=SHAPE_REPRESENTATION('',(#3049),#4794);
#4895=SHAPE_REPRESENTATION('',(#3079),#4795);
#4896=SHAPE_REPRESENTATION('',(#3085),#4796);
#4897=SHAPE_REPRESENTATION('',(#3108),#4797);
#4898=SHAPE_REPRESENTATION('',(#3114),#4798);
#4899=SHAPE_REPRESENTATION('',(#3128),#4799);
#4900=SHAPE_REPRESENTATION('',(#3134),#4800);
#4901=PRODUCT_DEFINITION_CONTEXT('part definition',#4975,'design');
#4902=PRODUCT_DEFINITION('URDF_F_','URDF_F_ v3',#4926,#4901);
#4903=PRODUCT_DEFINITION('base_link','base_link',#4927,#4901);
#4904=PRODUCT_DEFINITION('thighJR_L','thighJR_L',#4928,#4901);
#4905=PRODUCT_DEFINITION('AK45-36_trL','AK45-36_trL',#4929,#4901);
#4906=PRODUCT_DEFINITION('thighJ_L','thighJ_L',#4930,#4901);
#4907=PRODUCT_DEFINITION('AK45-36_tpL','AK45-36_tpL',#4931,#4901);
#4908=PRODUCT_DEFINITION('thigh_L','thigh_L',#4932,#4901);
#4909=PRODUCT_DEFINITION('AK45-36_kpL','AK45-36_kpL',#4933,#4901);
#4910=PRODUCT_DEFINITION('calf_L','calf_L',#4934,#4901);
#4911=PRODUCT_DEFINITION('AK45-36_fpL','AK45-36_fpL',#4935,#4901);
#4912=PRODUCT_DEFINITION('footJ_L','footJ_L',#4936,#4901);
#4913=PRODUCT_DEFINITION('AK45-10_frL','AK45-10_frL',#4937,#4901);
#4914=PRODUCT_DEFINITION('foot_L','foot_L',#4938,#4901);
#4915=PRODUCT_DEFINITION('thighJR_R','thighJR_R',#4939,#4901);
#4916=PRODUCT_DEFINITION('AK45-36_trL (1)','AK45-36_trL (1)',#4940,#4901);
#4917=PRODUCT_DEFINITION('thighJ_R','thighJ_R',#4941,#4901);
#4918=PRODUCT_DEFINITION('AK45-36_tpR','AK45-36_tpR',#4942,#4901);
#4919=PRODUCT_DEFINITION('thigh_R','thigh_R',#4943,#4901);
#4920=PRODUCT_DEFINITION('AK45-36_kpR','AK45-36_kpR',#4944,#4901);
#4921=PRODUCT_DEFINITION('calf_R','calf_R',#4945,#4901);
#4922=PRODUCT_DEFINITION('AK45-36_fpR','AK45-36_fpR',#4946,#4901);
#4923=PRODUCT_DEFINITION('footJ_R','footJ_R',#4947,#4901);
#4924=PRODUCT_DEFINITION('AK45-10_frR','AK45-10_frR',#4948,#4901);
#4925=PRODUCT_DEFINITION('foot_R','foot_R',#4949,#4901);
#4926=PRODUCT_DEFINITION_FORMATION('',$,#4977);
#4927=PRODUCT_DEFINITION_FORMATION('',$,#4978);
#4928=PRODUCT_DEFINITION_FORMATION('',$,#4979);
#4929=PRODUCT_DEFINITION_FORMATION('',$,#4980);
#4930=PRODUCT_DEFINITION_FORMATION('',$,#4981);
#4931=PRODUCT_DEFINITION_FORMATION('',$,#4982);
#4932=PRODUCT_DEFINITION_FORMATION('',$,#4983);
#4933=PRODUCT_DEFINITION_FORMATION('',$,#4984);
#4934=PRODUCT_DEFINITION_FORMATION('',$,#4985);
#4935=PRODUCT_DEFINITION_FORMATION('',$,#4986);
#4936=PRODUCT_DEFINITION_FORMATION('',$,#4987);
#4937=PRODUCT_DEFINITION_FORMATION('',$,#4988);
#4938=PRODUCT_DEFINITION_FORMATION('',$,#4989);
#4939=PRODUCT_DEFINITION_FORMATION('',$,#4990);
#4940=PRODUCT_DEFINITION_FORMATION('',$,#4991);
#4941=PRODUCT_DEFINITION_FORMATION('',$,#4992);
#4942=PRODUCT_DEFINITION_FORMATION('',$,#4993);
#4943=PRODUCT_DEFINITION_FORMATION('',$,#4994);
#4944=PRODUCT_DEFINITION_FORMATION('',$,#4995);
#4945=PRODUCT_DEFINITION_FORMATION('',$,#4996);
#4946=PRODUCT_DEFINITION_FORMATION('',$,#4997);
#4947=PRODUCT_DEFINITION_FORMATION('',$,#4998);
#4948=PRODUCT_DEFINITION_FORMATION('',$,#4999);
#4949=PRODUCT_DEFINITION_FORMATION('',$,#5000);
#4950=PRODUCT_RELATED_PRODUCT_CATEGORY('URDF_F_ v3','URDF_F_ v3',(#4977));
#4951=PRODUCT_RELATED_PRODUCT_CATEGORY('base_link','base_link',(#4978));
#4952=PRODUCT_RELATED_PRODUCT_CATEGORY('thighJR_L','thighJR_L',(#4979));
#4953=PRODUCT_RELATED_PRODUCT_CATEGORY('AK45-36_trL','AK45-36_trL',(#4980));
#4954=PRODUCT_RELATED_PRODUCT_CATEGORY('thighJ_L','thighJ_L',(#4981));
#4955=PRODUCT_RELATED_PRODUCT_CATEGORY('AK45-36_tpL','AK45-36_tpL',(#4982));
#4956=PRODUCT_RELATED_PRODUCT_CATEGORY('thigh_L','thigh_L',(#4983));
#4957=PRODUCT_RELATED_PRODUCT_CATEGORY('AK45-36_kpL','AK45-36_kpL',(#4984));
#4958=PRODUCT_RELATED_PRODUCT_CATEGORY('calf_L','calf_L',(#4985));
#4959=PRODUCT_RELATED_PRODUCT_CATEGORY('AK45-36_fpL','AK45-36_fpL',(#4986));
#4960=PRODUCT_RELATED_PRODUCT_CATEGORY('footJ_L','footJ_L',(#4987));
#4961=PRODUCT_RELATED_PRODUCT_CATEGORY('AK45-10_frL','AK45-10_frL',(#4988));
#4962=PRODUCT_RELATED_PRODUCT_CATEGORY('foot_L','foot_L',(#4989));
#4963=PRODUCT_RELATED_PRODUCT_CATEGORY('thighJR_R','thighJR_R',(#4990));
#4964=PRODUCT_RELATED_PRODUCT_CATEGORY('AK45-36_trL (1)',
'AK45-36_trL (1)',(#4991));
#4965=PRODUCT_RELATED_PRODUCT_CATEGORY('thighJ_R','thighJ_R',(#4992));
#4966=PRODUCT_RELATED_PRODUCT_CATEGORY('AK45-36_tpR','AK45-36_tpR',(#4993));
#4967=PRODUCT_RELATED_PRODUCT_CATEGORY('thigh_R','thigh_R',(#4994));
#4968=PRODUCT_RELATED_PRODUCT_CATEGORY('AK45-36_kpR','AK45-36_kpR',(#4995));
#4969=PRODUCT_RELATED_PRODUCT_CATEGORY('calf_R','calf_R',(#4996));
#4970=PRODUCT_RELATED_PRODUCT_CATEGORY('AK45-36_fpR','AK45-36_fpR',(#4997));
#4971=PRODUCT_RELATED_PRODUCT_CATEGORY('footJ_R','footJ_R',(#4998));
#4972=PRODUCT_RELATED_PRODUCT_CATEGORY('AK45-10_frR','AK45-10_frR',(#4999));
#4973=PRODUCT_RELATED_PRODUCT_CATEGORY('foot_R','foot_R',(#5000));
#4974=APPLICATION_PROTOCOL_DEFINITION('international standard',
'automotive_design',2009,#4975);
#4975=APPLICATION_CONTEXT(
'Core Data for Automotive Mechanical Design Process');
#4976=PRODUCT_CONTEXT('part definition',#4975,'mechanical');
#4977=PRODUCT('URDF_F_','URDF_F_ v3',$,(#4976));
#4978=PRODUCT('base_link','base_link',$,(#4976));
#4979=PRODUCT('thighJR_L','thighJR_L',$,(#4976));
#4980=PRODUCT('AK45-36_trL','AK45-36_trL',$,(#4976));
#4981=PRODUCT('thighJ_L','thighJ_L',$,(#4976));
#4982=PRODUCT('AK45-36_tpL','AK45-36_tpL',$,(#4976));
#4983=PRODUCT('thigh_L','thigh_L',$,(#4976));
#4984=PRODUCT('AK45-36_kpL','AK45-36_kpL',$,(#4976));
#4985=PRODUCT('calf_L','calf_L',$,(#4976));
#4986=PRODUCT('AK45-36_fpL','AK45-36_fpL',$,(#4976));
#4987=PRODUCT('footJ_L','footJ_L',$,(#4976));
#4988=PRODUCT('AK45-10_frL','AK45-10_frL',$,(#4976));
#4989=PRODUCT('foot_L','foot_L',$,(#4976));
#4990=PRODUCT('thighJR_R','thighJR_R',$,(#4976));
#4991=PRODUCT('AK45-36_trL (1)','AK45-36_trL (1)',$,(#4976));
#4992=PRODUCT('thighJ_R','thighJ_R',$,(#4976));
#4993=PRODUCT('AK45-36_tpR','AK45-36_tpR',$,(#4976));
#4994=PRODUCT('thigh_R','thigh_R',$,(#4976));
#4995=PRODUCT('AK45-36_kpR','AK45-36_kpR',$,(#4976));
#4996=PRODUCT('calf_R','calf_R',$,(#4976));
#4997=PRODUCT('AK45-36_fpR','AK45-36_fpR',$,(#4976));
#4998=PRODUCT('footJ_R','footJ_R',$,(#4976));
#4999=PRODUCT('AK45-10_frR','AK45-10_frR',$,(#4976));
#5000=PRODUCT('foot_R','foot_R',$,(#4976));
#5001=PRESENTATION_STYLE_ASSIGNMENT((#5005));
#5002=PRESENTATION_STYLE_ASSIGNMENT((#5006));
#5003=PRESENTATION_STYLE_ASSIGNMENT((#5007));
#5004=PRESENTATION_STYLE_ASSIGNMENT((#5008));
#5005=SURFACE_STYLE_USAGE(.BOTH.,#5009);
#5006=SURFACE_STYLE_USAGE(.BOTH.,#5010);
#5007=SURFACE_STYLE_USAGE(.BOTH.,#5011);
#5008=SURFACE_STYLE_USAGE(.BOTH.,#5012);
#5009=SURFACE_SIDE_STYLE('',(#5013));
#5010=SURFACE_SIDE_STYLE('',(#5014));
#5011=SURFACE_SIDE_STYLE('',(#5015));
#5012=SURFACE_SIDE_STYLE('',(#5016));
#5013=SURFACE_STYLE_FILL_AREA(#5017);
#5014=SURFACE_STYLE_FILL_AREA(#5018);
#5015=SURFACE_STYLE_FILL_AREA(#5019);
#5016=SURFACE_STYLE_FILL_AREA(#5020);
#5017=FILL_AREA_STYLE('\X2\AC15CCA0\X0\ - \X2\C0C8D2F4\X0\',(#5021));
#5018=FILL_AREA_STYLE('EPX 86FR(\X2\D0C4C18C\X0\ M2 M3 L1 3D \X2\D504B9B0D130\X0\ 
\X2\D3ECD568\X0\)',(#5022));
#5019=FILL_AREA_STYLE('EPX 82(\X2\D0C4C18C\X0\ M2 M3 L1 3D \X2\D504B9B0D130\X0\ 
\X2\D3ECD568\X0\)',(#5023));
#5020=FILL_AREA_STYLE(
'EPX 150 - \X2\C5D0C5B4\X0\ \X2\BCA0C774D06CB4DC\X0\(\X2\D0C4C18C\X0\ 
M2 M3 L1 3D \X2\D504B9B0D130\X0\ \X2\D3ECD568\X0\)',(#5024));
#5021=FILL_AREA_STYLE_COLOUR('\X2\AC15CCA0\X0\ - \X2\C0C8D2F4\X0\',#5025);
#5022=FILL_AREA_STYLE_COLOUR(
'EPX 86FR(\X2\D0C4C18C\X0\ M2 M3 L1 3D \X2\D504B9B0D130\X0\ \X2\D3ECD568\X0\)',
#5026);
#5023=FILL_AREA_STYLE_COLOUR(
'EPX 82(\X2\D0C4C18C\X0\ M2 M3 L1 3D \X2\D504B9B0D130\X0\ \X2\D3ECD568\X0\)',
#5027);
#5024=FILL_AREA_STYLE_COLOUR(
'EPX 150 - \X2\C5D0C5B4\X0\ \X2\BCA0C774D06CB4DC\X0\(\X2\D0C4C18C\X0\ 
M2 M3 L1 3D \X2\D504B9B0D130\X0\ \X2\D3ECD568\X0\)',#5028);
#5025=COLOUR_RGB('\X2\AC15CCA0\X0\ - \X2\C0C8D2F4\X0\',0.627450980392157,
0.627450980392157,0.627450980392157);
#5026=COLOUR_RGB('EPX 86FR(\X2\D0C4C18C\X0\ M2 M3 L1 3D \X2\D504B9B0D130\X0\ 
\X2\D3ECD568\X0\)',0.247058823529412,0.247058823529412,0.247058823529412);
#5027=COLOUR_RGB('EPX 82(\X2\D0C4C18C\X0\ M2 M3 L1 3D \X2\D504B9B0D130\X0\ 
\X2\D3ECD568\X0\)',0.247058823529412,0.247058823529412,0.247058823529412);
#5028=COLOUR_RGB(
'EPX 150 - \X2\C5D0C5B4\X0\ \X2\BCA0C774D06CB4DC\X0\(\X2\D0C4C18C\X0\ 
M2 M3 L1 3D \X2\D504B9B0D130\X0\ \X2\D3ECD568\X0\)',0.247058823529412,0.247058823529412,
0.247058823529412);
ENDSEC;
END-ISO-10303-21;
